{"SocialChem": {"average_AIE_attemp": [0.4872568844353736, 0.2270377917215228, 0.16387744806706905, 0.19114358350634575, 0.20781885497272015, 0.10650166422128678, 0.0749719962477684, 0.17776217870414257, 0.11107658073306084, 0.0998496413230896, 0.07186035364866257, 0.09834860414266586, 0.157147891074419, 0.10313726589083672, 0.1564142994582653, 0.08059986531734467, 0.1028832733631134, 0.0798735924065113, 0.06775390803813934, 0.10702479481697083, 0.09295741766691208, 0.10033216029405594, 0.09511356800794601, 0.2057229833677411, 0.16121668517589569, 0.1526221189647913, 0.06006107591092587, 0.16292808316648005, 0.06518148928880692, 0.2818476740270853, 0.09047112949192523], "average_kurt_attempt": 4.97100180551092, "average_AIE_nontoxic": [0.4851396602441582, 0.2117261888924986, 0.15737896459177136, 0.1769081074744463, 0.20012939395383, 0.10927148535847664, 0.05900779366493225, 0.1650494891218841, 0.10079249460250139, 0.09108256362378597, 0.07469361647963524, 0.10662313550710678, 0.15531800221651793, 0.09883377607911825, 0.15248070936650038, 0.06342849880456924, 0.10448321141302586, 0.07226868905127048, 0.07080092094838619, 0.10745470132678747, 0.08773655444383621, 0.10191498510539532, 0.08544358052313328, 0.1940426139626652, 0.1512543549761176, 0.16512723499909043, 0.06089958501979709, 0.1770034241490066, 0.07026891224086285, 0.29508479544892907, 0.07766391010954976], "average_kurt_nontoxic": 5.164441496827874, "average_AIE_toxic": [0.49572578120023536, 0.2882842030376196, 0.1898713819682598, 0.24808548763394356, 0.23857669904828072, 0.09542237967252731, 0.138828806579113, 0.22861293703317642, 0.15221292525529861, 0.1349179521203041, 0.06052730232477188, 0.06525047868490219, 0.1644674465060234, 0.12035122513771057, 0.172148659825325, 0.14928533136844635, 0.09648352116346359, 0.1102932058274746, 0.05556585639715195, 0.10530516877770424, 0.11384087055921555, 0.09400086104869843, 0.13379351794719696, 0.25244446098804474, 0.201066005975008, 0.10260165482759476, 0.05670703947544098, 0.1066267192363739, 0.04483179748058319, 0.22889918833971024, 0.14170000702142715], "average_kurt_toxic": 4.197243040243102, "average_AIE_orig": [0.5048062933455185, 0.26270188856869936, 0.170299207046628, 0.2366382570937276, 0.20689028799533843, 0.07855367437005042, 0.06318185776472092, 0.09847627654671669, 0.07542027086019516, 0.10963356494903564, 0.06161617860198021, 0.15155601724982262, 0.06829703375697135, 0.10790361724793911, 0.1462615743279457, 0.056129966676235196, 0.062369507551193235, 0.03803022652864456, 0.0559578001499176, 0.10413603112101555, 0.06559392660856248, 0.10908643379807473, 0.04238133728504181, 0.13416152447462082, 0.03609297126531601, 0.11044473052024842, 0.06391277313232421, 0.11263175755739212, 0.06104715317487717, 0.19807960093021393, 0.0881585918366909], "average_kurt_orig": 6.554765452066228, "average_AIE_orig_select": [0.4954552066701581, 0.351742268850406, 0.22803402443726858, 0.24292191863059998, 0.2196395049492518, 0.10490973790486653, 0.05014537771542867, 0.13127090533574423, 0.12037903070449829, 0.09390830993652344, 0.031744162241617836, 0.11809728542963664, 0.08282163739204407, 0.05372502406438192, 0.09049539764722188, 0.05658299724260966, 0.021155128876368206, 0.04460011919339498, 0.061913907527923584, 0.05882997314135233, 0.06867526471614838, 0.11121293902397156, 0.05995019276936849, 0.12629448374112448, 0.04653337597846985, 0.09991750121116638, 0.05470497409502665, 0.13298872609933218, 0.0501044491926829, 0.19599967201550803, 0.01596507430076599], "average_kurt_orig_select": 6.313690457733291, "average_AIE_toxic_select": [0.4782676686245395, 0.2828792656461398, 0.17905032138029733, 0.2488939811786016, 0.1847443828980128, 0.05491807063420614, 0.11334025859832764, 0.25309644142786664, 0.15653252601623535, 0.08116813500722249, 0.04796166221300761, 0.05286287268002828, 0.1530054211616516, 0.06961491703987122, 0.18758746981620789, 0.13533314069112143, 0.04209952553113302, 0.018524159987767536, 0.0740151305993398, 0.09550767640272777, 0.09833042820294698, 0.08997148275375366, 0.11560046672821045, 0.2459583878517151, 0.20297972857952118, 0.11197532216707866, 0.01843738555908203, 0.10983509818712871, 0.02950213352839152, 0.23450382550557455, 0.09832745790481567], "average_kurt_toxic_select": 4.069816876089914}, "SocialChem_2": {"average_AIE_attemp": [0.48700902677949015, 0.1999524245947872, 0.16533554145890048, 0.1900154529008422, 0.2113797980511327, 0.09393791989126153, 0.08527221010813993, 0.16884722962872653, 0.09697637405582152, 0.07864888996497725, 0.0808363023184324, 0.09781502790557535, 0.12802174907280908, 0.1220874520456736, 0.1318456208999655, 0.09051127713484783, 0.10893347843880771, 0.06082153821290821, 0.06237768165255184, 0.11113330565420547, 0.09398540592040373, 0.09408167020310709, 0.08123729915631178, 0.18142954663587704, 0.1517001354104178, 0.13705133776219294, 0.051005757189567916, 0.14844898422931246, 0.06301825650996258, 0.272390035054389, 0.08283616007583579], "average_kurt_attempt": 5.444459937351318, "average_AIE_nontoxic": [0.4893686575446362, 0.19687876526551107, 0.1654548319872754, 0.19062440130213973, 0.21153555411370686, 0.09523141426097213, 0.08518164069603355, 0.1686198313042237, 0.09588079772330968, 0.07935051167356709, 0.08066558704221928, 0.09701083129359031, 0.1275530146288498, 0.1217414108640271, 0.13199456753422917, 0.089371071445685, 0.1097421860601626, 0.060300305229728055, 0.06171555346557562, 0.11086865457731965, 0.09402054151700388, 0.0949815156396101, 0.08027076756565585, 0.17977203910316475, 0.15041204196071317, 0.13666549033067718, 0.05013484937917003, 0.14923539930220012, 0.06255102351198699, 0.2729013553447768, 0.08259793690567424], "average_kurt_nontoxic": 5.493132875853396, "average_AIE_toxic": [0.4695956242175906, 0.2226351544648184, 0.16445521135679433, 0.18552158724700865, 0.21023036269916023, 0.08439230008327152, 0.08594058655758216, 0.1705253644559879, 0.1050614151550958, 0.0734711217148306, 0.08209613240374704, 0.10374976970936108, 0.13148087568187652, 0.12464113734593835, 0.130746437188266, 0.09892567016702686, 0.1029654466714913, 0.06466808907956209, 0.06726399896867817, 0.11308635517717507, 0.09372611523099238, 0.08744106733389292, 0.08837002683790011, 0.19366147984459384, 0.16120589796800325, 0.13989878184187843, 0.05743280862522845, 0.14264546511640144, 0.06646630287557616, 0.2686166370354674, 0.08459417917902291], "average_kurt_toxic": 5.085267522789535, "average_AIE_orig": [0.5168806686275631, 0.2607371746535413, 0.1961223122981377, 0.2002496035626624, 0.19384538991563022, 0.09764289659429341, 0.08258913063406945, 0.10650528850182892, 0.07188609658963978, 0.0823963591825217, 0.07929773060940207, 0.13541348933596165, 0.07775382005982101, 0.08076621306501329, 0.15194871020801365, 0.06255498216100969, 0.0646211821647361, 0.046885568164591676, 0.04959037095978856, 0.1262464843198657, 0.061742289208620786, 0.10277338724061846, 0.04305649093389511, 0.11443382356725633, 0.044711379768140616, 0.09646317360966641, 0.05267843723781407, 0.10771710663326084, 0.048578295359748884, 0.21231723946277054, 0.10461530098656659], "average_kurt_orig": 6.885245539874381, "average_AIE_orig_select": [0.49551240219571463, 0.26345888739024215, 0.1822826628444973, 0.1938720970691559, 0.18218071197351057, 0.09674478423393178, 0.08332281611383913, 0.10689538057722493, 0.07411913207161451, 0.08256939222697846, 0.08279413770802482, 0.14232108554247017, 0.08082185863348063, 0.0828618925555559, 0.1425666093618094, 0.06392662612323513, 0.06443968536462374, 0.04372463655656207, 0.05083565836300155, 0.12405672858277719, 0.06112889796792866, 0.09431894797229481, 0.04241498571610498, 0.1220457174753893, 0.0488505563187504, 0.09938017238013283, 0.0499000971218545, 0.10617450269277462, 0.05026218327814472, 0.20847667268516418, 0.10842916558119292], "average_kurt_orig_select": 6.495990366235006,