{"Questions1000": {"average_AIE_orig": [0.21059096678523923, 0.4611891427343171, 0.203144772348173, 0.1485315384728073, 0.13813497672092903, 0.19806768761486915, 0.1514874048239498, 0.21115844855854224, 0.17311407186553315, 0.1387900985326506, 0.17313665473814427, 0.13865948978555784, 0.13081727387779143, 0.16079253040307181, 0.13937712571191874, 0.14804397191310112, 0.21793144028334777, 0.1557683286267406, 0.21301097113559722, 0.13427364707603473, 0.16304301906653773], "average_kurt_orig": 6.347666468565338, "average_AIE_lie": [0.14877552335294908, 0.11270056588141429, 0.13423719142860563, 0.11743598319038091, 0.19266744484306852, 0.1691232698964766, 0.21383433269038174, 0.22233516162531705, 0.18437800041080019, 0.07201013240912267, 0.05953564383032927, 0.07153494237132348, 0.058467001965946, 0.07440594300389924, 0.05374250128457612, 0.06467872824078273, 0.060717841031420465, 0.06705813262081567, 0.11508175919003284, 0.20938167289881932, 0.216090836955693], "average_kurt_lie": 5.956580842793137}, "Commonsense2": {"average_AIE_orig": [0.2814888625344474, 0.3273515003797433, 0.358590616637614, 0.2375675557015444, 0.3403894976156608, 0.3689808234388127, 0.22708797050748475, 0.25864997228179, 0.2530119302675937, 0.2422236862641179, 0.20510260314599751, 0.19073320476120692, 0.20818681757321733, 0.2105894560253782, 0.22994720744095984, 0.25128490601331127, 0.19169142273302417, 0.32664824340468535, 0.23863919324514288, 0.27193204119929293, 0.3072655471415107], "average_kurt_orig": 2.4995074555045496, "average_AIE_lie": [0.259584537155987, 0.2240936499048116, 0.26047330546122766, 0.22502450030174848, 0.25670983798621555, 0.27420862771648474, 0.24891501749790348, 0.2043095691389122, 0.2542161450542788, 0.16335703610054206, 0.19268665196722704, 0.17377592679551362, 0.1853785393243745, 0.18303633855719353, 0.14268708894666834, 0.27583772561251885, 0.21677556375563997, 0.1845873848040566, 0.16413739398933852, 0.2146643080930765, 0.25126152792935874], "average_kurt_lie": 2.3296683179095896}, "MathematicalProblems": {"average_AIE_orig": [0.18012375652423554, 0.18393693291180022, 0.1991817593134777, 0.1912340687659858, 0.2315429780580632, 0.2589608014474373, 0.3742577733192952, 0.20489137210345115, 0.1510747393014148, 0.27748595682378124, 0.09824437164251115, 0.15314607429258262, 0.11619957066854754, 0.12828896687775543, 0.08383001247793641, 0.09926747064126251, 0.07633527301314738, 0.09494609540139834, 0.0925223773856543, 0.0647910467308685, 0.09147031845484198], "average_kurt_orig": 8.077096023536168, "average_AIE_lie": [0.28472928754121507, 0.25153967312321623, 0.3211104740564622, 0.22678918846640428, 0.2252005038332927, 0.2954827512714007, 0.2303692926614245, 0.19934636247419554, 0.17426995087818103, 0.18786618936506738, 0.1257658432553376, 0.13563110519292926, 0.12597757971471307, 0.14387855420181575, 0.09868408155950818, 0.11836908677639055, 0.09914072049581561, 0.1271524768522825, 0.1478571013616271, 0.11885542935385823, 0.17735566593002344], "average_kurt_lie": 3.47657704875072}, "Sciq": {"average_AIE_orig": [0.2188916329193477, 0.3290596432955435, 0.22757953097319394, 0.20455106695164468, 0.20785851934486385, 0.4213733783533732, 0.23844666631951697, 0.23300190074565985, 0.2628082402131397, 0.21690270634647912, 0.2264936271230995, 0.1860357708606124, 0.21404869232612322, 0.19589024037445987, 0.23039345238202596, 0.21467412666838495, 0.19329028123150938, 0.30555228569963827, 0.386082983357419, 0.25387150858818897, 0.3778251911512845], "average_kurt_orig": 4.482582869214983, "average_AIE_lie": [0.274848276486856, 0.19920003514736803, 0.23153989118675752, 0.2054396509715541, 0.23407071004353286, 0.23554356816674982, 0.21216099975346034, 0.22110957680103915, 0.18400440012336672, 0.1568642825625563, 0.20531889165042974, 0.12179037828074551, 0.12290183380853235, 0.15455347420489682, 0.1275245612617819, 0.16156102694770225, 0.12862025745439767, 0.21166929568153714, 0.2032567806996244, 0.2781344014162708, 0.34498028207732817], "average_kurt_lie": 3.0961134994641384}}