{"AutoDAN": {"average_AIE_adv": [0.14054289536540626, 0.09118609402519, 0.0866980748226045, 0.09271493708334302, 0.08204477264355588, 0.06377710266068819, 0.06714707219056905, 0.11536875075750774, 0.08941472318744467, 0.0832232103572898, 0.06745456803529974, 0.050944282583171324, 0.05187379041566483, 0.03878228580679304, 0.054489364376872455, 0.032493107281224703, 0.07108537044616477, 0.05641443614837944, 0.04127733753893965, 0.02588906792062585, 0.07765786902558419, 0.09910669634419103, 0.03454098542050649, 0.058164187186267424, 0.0304254174372682, 0.08092839414033517, 0.06582512144219652, 0.09326357166132619, 0.16147815224824733], "average_kurt_adv": 3.7372869373655164, "average_AIE_non_adv": [0.11903805565858676, 0.056722220679945194, 0.10419318906593421, 0.0775588681259431, 0.14041230190268233, 0.08307894922731336, 0.06447302771747605, 0.04925975338979201, 0.07921457313740056, 0.06718064509024305, 0.15559006639379114, 0.0592645348842479, 0.07336978814449192, 0.036732988293505894, 0.040835834115989934, 0.04714171225128095, 0.09420418712475975, 0.0552015159864071, 0.07408133637129276, 0.047307980208357504, 0.051221654496409676, 0.06784194116750039, 0.0387989006751825, 0.0846787829660187, 0.10621531203789406, 0.08162918326652739, 0.10766760972597875, 0.12107457831686685, 0.1323033427465553], "average_kurt_non_adv": 7.32235410893999}, "GCG": {"average_AIE_adv": [0.14773573253557765, 0.09954449157040059, 0.08030378973619505, 0.1806380199370059, 0.06283418381756002, 0.0800614436309446, 0.04846600858833302, 0.05855831079862334, 0.061303260715847664, 0.06393225087022239, 0.06023516811769117, 0.0514219805361195, 0.04151485289362344, 0.03567193052985451, 0.05813160778446631, 0.026084141440012237, 0.03560127618637952, 0.0523177894949913, 0.03742089478807016, 0.04017008827829903, 0.04778394279154864, 0.0506833137978207, 0.033297960676930166, 0.030641050447117197, 0.04190900225530971, 0.0583328032087196, 0.06883736077357422, 0.07041129217906432, 0.07821797993372787], "average_kurt_adv": 6.6068304127823225, "average_AIE_non_adv": [0.13964407847208135, 0.05012666945363961, 0.11454171468229855, 0.13702589361106648, 0.07070347637522455, 0.04997865943347707, 0.08078438569517697, 0.049779468891667386, 0.05870874372183108, 0.05683607739560744, 0.05252795125923905, 0.06487407520705578, 0.033573403662326286, 0.059032430251439415, 0.04258545765689775, 0.03395932153159497, 0.04330931282510944, 0.047588336117127365, 0.07635182551309175, 0.034991580481622736, 0.14699354767799377, 0.039031537724476234, 0.0438234151578417, 0.03651006958063911, 0.06897999550781998, 0.06145845558129105, 0.04880027502190833, 0.032400981468312884, 0.09730983744649326], "average_kurt_non_adv": 7.334751245798529}, "PAP": {"average_AIE_adv": [0.11104588541238344, 0.11603262980085935, 0.11205695864073066, 0.11136750033659529, 0.08893204569932102, 0.09467752204211645, 0.09730774545392325, 0.1399018519536354, 0.10739837763036868, 0.05663536994378696, 0.09712445623306341, 0.04783194194468417, 0.04596230277950449, 0.061986209290434226, 0.05228234356803487, 0.07307045978977698, 0.08772884442131648, 0.042506785298040674, 0.06613082688503949, 0.04780915994630303, 0.20521530787669873, 0.0679160418320996, 0.042342147046281385, 0.09136834604911102, 0.1185004529218341, 0.05853742672953495, 0.12327524576365023, 0.06206176120990006, 0.15924089373082154], "average_kurt_adv": 4.803256016523228, "average_AIE_non_adv": [0.11903805565858676, 0.056722220679945194, 0.10419318906593421, 0.0775588681259431, 0.14041230190268233, 0.08307894922731336, 0.06447302771747605, 0.04925975338979201, 0.07921457313740056, 0.06718064509024305, 0.15559006639379114, 0.0592645348842479, 0.07336978814449192, 0.036732988293505894, 0.040835834115989934, 0.04714171225128095, 0.09420418712475975, 0.0552015159864071, 0.07408133637129276, 0.047307980208357504, 0.051221654496409676, 0.06784194116750039, 0.0387989006751825, 0.0846787829660187, 0.10621531203789406, 0.08162918326652739, 0.10766760972597875, 0.12107457831686685, 0.1323033427465553], "average_kurt_non_adv": 7.322354108939992}}