{"AutoDAN": {"average_AIE_adv": [0.36642255353491304, 0.4660347211581311, 0.28808503007073133, 0.3409367318998447, 0.2434702395476834, 0.4921632351192709, 0.4209439072241787, 0.21248143183875465, 0.21894114255896527, 0.1777592874457559, 0.1477030898013743, 0.13565366177822252, 0.17592654310752667, 0.09208632945533722, 0.11342632274584023, 0.1396742860876745, 0.08342070303486801, 0.17222153379391597, 0.18352542211810471, 0.11891186755571154, 0.2165151731529203], "average_kurt_adv": 3.229632256398807, "average_AIE_non_adv": [0.0827748030424118, 0.053922098899675794, 0.038135477087714455, 0.06466454255186822, 0.10128000812593407, 0.09938937618035423, 0.11282906320315501, 0.18688050514348775, 0.16144020639914125, 0.16966682601689306, 0.1292422026518948, 0.08730930184622195, 0.06331805500763753, 0.05661813566876837, 0.04329172257056906, 0.09089401902338444, 0.11716712077927809, 0.1147363626605962, 0.09532022433093756, 0.11211619141303804, 0.366537281596833], "average_kurt_non_adv": 8.63025916750997}, "GCG": {"average_AIE_adv": [0.24961247773541842, 0.2939053141558556, 0.3173099491617706, 0.2386131933445788, 0.2967664000019034, 0.26886065139838056, 0.23623260592893613, 0.26666748461418055, 0.1959916097418913, 0.1541472629618577, 0.1159043549509211, 0.11787369242911651, 0.12672082442451607, 0.09946928582408211, 0.130235079029067, 0.17208615306145722, 0.11368468917059628, 0.19272201300090686, 0.18774272174828432, 0.12181960723066533, 0.30954457474195146], "average_kurt_adv": 3.962940773696721, "average_AIE_non_adv": [0.2072522849821504, 0.17592252472269476, 0.1932940683784146, 0.17118344526263138, 0.1957527418853715, 0.23642749573085822, 0.11718321766923456, 0.16454451459953012, 0.1520086660542909, 0.09651584245119582, 0.0812324124808405, 0.10073088361498188, 0.11188724999516911, 0.09718993068764023, 0.07576103240032406, 0.09702735788681928, 0.05926913899533889, 0.10582841416694197, 0.14868574253484315, 0.17389597086345449, 0.1811522322834707], "average_kurt_non_adv": 6.003813524185199}, "PAP": {"average_AIE_adv": [0.17169734977849926, 0.22225295519817245, 0.25690574929941185, 0.15359243669216846, 0.35050083329694465, 0.24212072761512773, 0.18774978834828868, 0.25296240639676565, 0.22581477607788777, 0.19439773384730744, 0.13156176666014416, 0.11637390579652879, 0.11840099205313497, 0.10735186030582865, 0.09956586369594862, 0.14072080873414988, 0.28861096863501323, 0.10365535047396209, 0.18446884261328697, 0.19095903808655318, 0.3245811151347823], "average_kurt_adv": 4.225804943162302, "average_AIE_non_adv": [0.08277459122425268, 0.053922307700657646, 0.03813565627109906, 0.06466423122843434, 0.10128010509745884, 0.09938915763512131, 0.11282921099865978, 0.1868800331707582, 0.16143990477377718, 0.16966650034647343, 0.12924191066302543, 0.08730910476758953, 0.06331833291891192, 0.05661817907917598, 0.043291955447394004, 0.09089420254011292, 0.11716692698685297, 0.11473600589477818, 0.09532063546752141, 0.1121160959101413, 0.3665373261078946], "average_kurt_non_adv": 8.63026991313706}}