{"SocialChem": {"average_AIE_attemp": [0.07820178030929528, 0.10790957111581229, 0.121535698426608, 0.0704129412861541, 0.07775123495059087, 0.055867830754444, 0.06546711393669248, 0.05291073465943336, 0.06078363975845277, 0.062101426347624514, 0.0455714682161808, 0.04828946645706892, 0.03334283546730876, 0.03552897347360849, 0.06480254193916916, 0.09501080191656947, 0.1807066309654154, 0.07997639261567965, 0.12129067021607189, 0.42787912268598655, 0.3940705134892715], "average_kurt_attempt": 5.404966805339187, "average_AIE_nontoxic": [0.07947819838371818, 0.11088747784309529, 0.11997378896383092, 0.07188043014081513, 0.07865589687649112, 0.055686193707244036, 0.06571840660332086, 0.052585811882665756, 0.05946522783246133, 0.061238629771495474, 0.04460770978626422, 0.04775370839706137, 0.03358530496833175, 0.035408234453750194, 0.06574064169822363, 0.09730727649882101, 0.1768172993159764, 0.08034980106458878, 0.12129822732899129, 0.4343732233064877, 0.39816011237564075], "average_kurt_nontoxic": 5.463207088407025, "average_AIE_toxic": [0.07113559659010445, 0.09142403518111487, 0.1301823475440733, 0.06228899971819391, 0.07274307383139149, 0.05687336395038109, 0.06407597087372362, 0.054709490162192606, 0.0680822992441701, 0.06687782307952837, 0.05090678449160133, 0.051255395063777374, 0.03200053698778932, 0.03619737837439269, 0.059609270724011405, 0.08229763870632727, 0.20223776761296333, 0.07790922296714355, 0.12124883443409322, 0.3919281212117095, 0.3714307078895675], "average_kurt_toxic": 5.082551643519305, "average_AIE_orig": [0.06514334917310625, 0.05652267278041691, 0.10770996196717024, 0.04933351604603231, 0.11289139430951327, 0.05595816246904433, 0.08734118226831779, 0.048850361765548585, 0.05725550630055368, 0.04568062532246113, 0.06295665865913033, 0.05450869813449681, 0.027091350345686077, 0.022600334545969963, 0.026199364618211984, 0.09891812404524535, 0.05398860541190952, 0.04116201376602985, 0.0710703367581591, 0.2696105792864546, 0.2993816366996907], "average_kurt_orig": 5.691611161263847, "average_AIE_orig_select": [0.05991394598957831, 0.05701401975400505, 0.11436701595089115, 0.04740084689404398, 0.10962935588459025, 0.05521057302637444, 0.0865832263230158, 0.052429087580392275, 0.05279787332603217, 0.04374410937226061, 0.06485713906950023, 0.06049771855461427, 0.022678205742032612, 0.021660800379505737, 0.025164838452074064, 0.09482525672223405, 0.05818838613691364, 0.04167833711719665, 0.07440502289892542, 0.247813743420159, 0.26634877665252804], "average_kurt_orig_select": 5.2561546010091025, "average_AIE_toxic_select": [0.07167115644079505, 0.09167496797052833, 0.12670222857923635, 0.06324989674997723, 0.07394636031674048, 0.05775755277473079, 0.06464214072157619, 0.05389479061855937, 0.06620888612397535, 0.06499895285521119, 0.049218494839725596, 0.05089264778402137, 0.03096606851094294, 0.036190408980998665, 0.060815636009806356, 0.08378067046717358, 0.20219770262814124, 0.07577879868789242, 0.12071538261878903, 0.3971302666986763, 0.3754846975451109], "average_kurt_toxic_select": 5.168087115871892}}