{"Commonsense2": {"aie_orig": [0.7972166414584714, 0.43692465991458956, 0.5522012601900964, 0.36110390090868943, 0.2329006437896841, 0.2539969702039462, 0.4542636676086249, 0.3144066650944286, 0.23950942213077842, 0.20920838591628726, 0.28040703634565345, 0.21623061001255914, 0.43663901692911816, 0.2814008774252017, 0.16314777216241086, 0.15551421696679274, 0.10832885361948395, 0.12177480199616045, 0.11981574949265605, 0.13702202026548274, 0.08150661627953341, 0.17717702905121502, 0.08405372050042136, 0.10091812423965867, 0.08664811328229403, 0.13108531018299047, 0.06814962483734327, 0.11431691587011233, 0.058278665609953914, 0.055526226964207066, 0.33964531191865505], "aie_lie": [0.5411798128328708, 0.34711069526962013, 0.38018436852673315, 0.3326261549117847, 0.2186693737735137, 0.2808407332606855, 0.2763720298128699, 0.20383902651538932, 0.2394884245385913, 0.4412721417505153, 0.1847977917727533, 0.19431433698037087, 0.38238216077817977, 0.21849406221665263, 0.39698299085343514, 0.2613420296813714, 0.2647344076449608, 0.13834932131182573, 0.15703233456058044, 0.08650415422690286, 0.26976943190918046, 0.2677873015757071, 0.27898988324762325, 0.10258700654045516, 0.23629232929540825, 0.06943994714771842, 0.17533232194409273, 0.10130356904009298, 0.06803441901655706, 0.06655921780866039, 0.4295947483802322], "kurt_orig": 4.454, "kurt_lie": 2.0825}, "Question1000": {"aie_orig": [0.9290129039197009, 0.39535563692111225, 0.32773038290562573, 0.15054508454076396, 0.1183070267500377, 0.08604138681175935, 0.07092162973952403, 0.07233624221876575, 0.06093486345261132, 0.052243909888232236, 0.05153973809921499, 0.05657012641232961, 0.09845315503037494, 0.07072282218999641, 0.06296805736126578, 0.07202557078654705, 0.057067598897242264, 0.052413048143286935, 0.04506737176189015, 0.035639749390805664, 0.04663849008184942, 0.030561747349680885, 0.031699785633240884, 0.052328406593839645, 0.0413335438315267, 0.04138419895318775, 0.05665530340254616, 0.0428864692706843, 0.04807988229380707, 0.042789457339527485, 0.08170747933737176], "aie_lie": [0.7364916681071396, 0.43216497743898247, 0.47498553228851853, 0.4915934242923207, 0.3798609117237288, 0.10091899752730997, 0.22787387679669668, 0.16839944493308986, 0.13102801041603973, 0.18183480938638857, 0.24815305982663005, 0.11396172959099822, 0.2373196183852925, 0.1696343957685788, 0.3000580025054588, 0.15993428588274264, 0.2552129150372415, 0.1354607569224941, 0.17629223497098553, 0.16219691213647366, 0.11958286978245489, 0.0940651620476849, 0.10335131831399971, 0.2007703117697487, 0.13075884750753405, 0.1745445089731752, 0.08499337700075975, 0.1255607658043769, 0.10576135451489463, 0.1311001513639222, 0.32468695735438424], "kurt_orig": 14.5481, "kurt_lie": 3.7827}, "MathematicalProblems": {"aie_orig": [0.8062351035232377, 0.28593054055783396, 0.2704933308622266, 0.19564409267024585, 0.2117126394669258, 0.21636585533156064, 0.20762262840951523, 0.16677264933025948, 0.18589095404983177, 0.259026830696822, 0.14466376796372243, 0.2543765319224568, 0.4041641640809697, 0.21383361380502536, 0.17172283377196337, 0.19375385461026454, 0.15417840486561699, 0.24127276618585075, 0.13590141842691777, 0.09243888049213975, 0.1529486197369962, 0.10547989248871445, 0.10323948708844853, 0.08055576655148594, 0.11229692719218594, 0.17604398747926597, 0.04988975990731437, 0.07046533771254518, 0.1348314412521782, 0.13489194228141396, 0.05953169358265889], "aie_lie": [0.784037322380889, 0.23287555056157835, 0.1983575504731729, 0.2035208218238639, 0.16895709737428688, 0.1286232176239605, 0.14906440799807882, 0.16143207509700838, 0.12271064277495947, 0.23882641535889995, 0.1363451701399681, 0.11111866958715298, 0.5768986996603539, 0.25840521089031593, 0.3767141333862289, 0.16384238596852715, 0.12231501268299373, 0.12983674995668298, 0.14204154411578798, 0.09391752033083288, 0.20763346371618477, 0.1477462364448322, 0.12511432240787032, 0.10494141399700034, 0.0824998349018462, 0.09702078337271654, 0.07378350049853921, 0.07598568332401123, 0.06921158451120835, 0.07799962566078485, 0.6566661066078283], "kurt_orig": 7.8876, "kurt_lie": 4.9767}, "AnthropicAwarenessAI": {"aie_orig": [0.905018560029185, 0.12206585692629378, 0.11231017281027528, 0.13556644685008262, 0.1362890286527753, 0.1548986811265701, 0.11268873185822975, 0.11126706307808265, 0.08257594702923052, 0.15778270524631316, 0.19146792369195925, 0.11879750568226824, 0.07263127895118988, 0.1944257537290897, 0.0719187997955002, 0.06950886390331516, 0.04861680060215891, 0.06228924359970681, 0.04178682922703178, 0.10571382462432782, 0.10508416338399633, 0.05622721737936923, 0.027291278987781952, 0.04896743916128538, 0.03462817582985902, 0.08303723069977706, 0.02607531371596749, 0.07258350651623847, 0.11292430245289814, 0.04466302508756825, 0.07505018719273791], "aie_lie": [0.6386464387493351, 0.25902325980012986, 0.3259350075207646, 0.25235295137252634, 0.16612065948963642, 0.22728872627088612, 0.142906515453079, 0.4395034044535588, 0.15392685231051537, 0.3728637972322359, 0.26537628106035516, 0.12218431460832829, 0.3856821230056459, 0.13787915968513054, 0.5675101434690473, 0.1461077250190744, 0.1365595355766316, 0.2124313650145547, 0.06851412488885002, 0.18770552498184026, 0.07976357996872961, 0.06986979857189432, 0.0998530673530183, 0.08756094964677191, 0.2422640494473739, 0.10499255838260498, 0.10455554323079111, 0.08250166550790144, 0.05695772408006939, 0.05490689999178836, 0.5213849729489646], "kurt_orig": 16.0215, "kurt_lie": 2.9784}, "AnthropicAwarenessArchitecture": {"aie_orig": [0.8478053405532343, 0.25842847357127013, 0.21293226588307373, 0.22219506963148028, 0.18441146543176817, 0.24273163822636545, 0.19256674085102535, 0.16402885966546696, 0.15668353554973471, 0.19703576436046785, 0.19106197573269157, 0.132595658244461, 0.12245109878908496, 0.2180010917652919, 0.12448624148964882, 0.1967326943901431, 0.14333317785159402, 0.1388113517335888, 0.09835948876064757, 0.1849962461809194, 0.1724357156557326, 0.11832777470905588, 0.06078716584406099, 0.07234384046624535, 0.05786288881338902, 0.14162347105950673, 0.057954894274658296, 0.15173011545022452, 0.13055056437664891, 0.08188726549378093, 0.12179456928872173], "aie_lie": [0.5673466393277946, 0.31628665039669673, 0.3024651704944793, 0.25730789446211216, 0.19130370052103302, 0.18598210819858063, 0.21365532459512568, 0.4085247443369966, 0.1843113530288387, 0.2745362969732884, 0.2563277141985365, 0.15511389688143265, 0.35232133262787846, 0.23663109981726785, 0.516580136680645, 0.21973333088970332, 0.1577232888327067, 0.16778432513060776, 0.0949577859701207, 0.2870872306307743, 0.10835382194252488, 0.10910371793954639, 0.12243794673050158, 0.11536353602658332, 0.20294718527645797, 0.09419523017561954, 0.09265840469471971, 0.12286613163139139, 0.08685999757014447, 0.0492262327522965, 0.4281957987088548], "kurt_orig": 10.0919, "kurt_lie": 2.644}, "AnthropicAwarenssNNArchitecture": {"aie_orig": [0.8261359395256143, 0.2659609515220899, 0.2336924672827411, 0.24685248305954766, 0.1843490418747275, 0.24343855507967646, 0.20348097840912938, 0.16670130324271654, 0.16118327932017734, 0.22185693884820354, 0.19655198976765573, 0.14195231187066817, 0.12896439218479241, 0.23906119101336204, 0.12152544866191699, 0.16914261124844923, 0.15088691393598322, 0.12854570303487414, 0.10555582832920188, 0.1943964795351238, 0.16369395612834994, 0.13223584712563688, 0.058775826695372964, 0.07281793216875901, 0.056532066167098854, 0.15295476430647545, 0.059487975784850065, 0.1519043277251148, 0.13085047975487885, 0.08084498757640428, 0.13293169054750187],