{"WikiData": {"average_AIE_orig": [0.45443603624799933, 0.27317140851583743, 0.23075226249097291, 0.19698166174607146, 0.23718453549534185, 0.1622903201625579, 0.2549256361089647, 0.2733305125600762, 0.14347075769263837, 0.247279842901561, 0.21190462150197062, 0.17834858554932806, 0.365540300463585, 0.1909473149797931, 0.2577358165419557, 0.369085568747121, 0.174290737344159, 0.1783465753412909, 0.2561554132650296, 0.15997199279566607, 0.20380085623926586, 0.12363618612289429, 0.09413504517740673, 0.1380429756310251, 0.14387811968723932, 0.12585376534197065, 0.08771161900626288, 0.12604235526588228, 0.12699919939041138, 0.2845364722112815, 0.19289407920506266], "average_kurt_orig": 3.2775109965802467, "average_AIE_lie": [0.3718812053984948, 0.2751394898763725, 0.26264907752296757, 0.17858289288622992, 0.2642311423218676, 0.17701005742752127, 0.20609667231994017, 0.2165649344346353, 0.18797162920236588, 0.2289314256714923, 0.17926118576100894, 0.217568806505629, 0.12073263978319508, 0.08588475228420325, 0.15364702684538706, 0.15824257103460176, 0.1145944499543735, 0.1389968123819147, 0.13339022068040712, 0.17586232402494975, 0.058431715837546756, 0.09082006130899702, 0.08586852252483368, 0.09046296349593572, 0.10743262299469539, 0.06881865113973618, 0.06834925604718071, 0.02935169211455754, 0.07240383965628487, 0.22244014697415487, 0.23660330846905708], "average_kurt_lie": 2.5443812766704546}, "Questions1000": {"average_AIE_orig": [0.7611393213092364, 0.4048767188698548, 0.29929222300420466, 0.3424395486143525, 0.19436311972468115, 0.1627239639337665, 0.15887692542788112, 0.13887979020454905, 0.16773949903609958, 0.13763629551859, 0.15953864502414777, 0.12240558401467386, 0.21922752588957703, 0.21919156524286493, 0.14006824712914645, 0.4128109974704931, 0.15683288647523605, 0.1255307903435702, 0.18963204035568906, 0.19326612455047795, 0.14868086292836602, 0.1028377668653754, 0.09665837150398941, 0.09908910791962354, 0.1016550077499431, 0.09533527059709783, 0.08631714415266821, 0.09215676509454075, 0.08672423350100202, 0.18724565026296794, 0.23026832371853806], "average_kurt_orig": 6.518357440245813, "average_AIE_lie": [0.6413446494159116, 0.19544587879806366, 0.19859847441313533, 0.23410986433202982, 0.14999551093673716, 0.15900326370317477, 0.16955187967813715, 0.2544632064473555, 0.16005733770815855, 0.16501407593930772, 0.19036932183863864, 0.30792289750430957, 0.13225635675793151, 0.13553693885069004, 0.19482156964214714, 0.13510280926911186, 0.22346145696967984, 0.11286624739623338, 0.11616703779421675, 0.08964894853871173, 0.07624827288285832, 0.08250523474923907, 0.09455509554580531, 0.13890583844039583, 0.09833807776022517, 0.10755808670762507, 0.08352422237817263, 0.09098164357807954, 0.08575378892002956, 0.1901848942342355, 0.1676624930110742], "average_kurt_lie": 6.3799822207519625}, "Commonsense2": {"average_AIE_orig": [0.47000006003677675, 0.22790822788463616, 0.2831418518712733, 0.23623334715657687, 0.2455730523476392, 0.1675807718614583, 0.3118446679491714, 0.19952117262342847, 0.23192252626997742, 0.21323789313085323, 0.14160750549110995, 0.1453382956384892, 0.2088626870629584, 0.26865972070632044, 0.11277174138528573, 0.1328224781652992, 0.14149680729665756, 0.11733824511769315, 0.24116574429533924, 0.13110893902028883, 0.09317687499628828, 0.08987777515057112, 0.08800504335609777, 0.07231196188979529, 0.0740142003194062, 0.09208427433834068, 0.1613814033850079, 0.08313201759896098, 0.2209023736292717, 0.23939699948578472, 0.24405601485844367], "average_kurt_orig": 3.148304651650377, "average_AIE_lie": [0.4911245328065549, 0.2852861117364995, 0.31469389404151865, 0.24910651044325627, 0.24146391021049937, 0.20692979098683323, 0.3183226646626696, 0.23142733306212376, 0.1899211956576509, 0.2108432569714872, 0.2620636958757693, 0.27861619546578936, 0.23700396413059197, 0.2827087395160902, 0.15954929826298378, 0.18587586512461277, 0.14327653176493482, 0.12861298841408073, 0.14645597161058646, 0.07787571219831878, 0.11185008458922864, 0.15245457661538106, 0.1138531967594038, 0.0878530027816789, 0.11889233269027977, 0.17972601890362208, 0.09473230442972548, 0.13323172668222072, 0.17421455301048966, 0.21638570143345823, 0.2466559326276183], "average_kurt_lie": 2.6866885217225684}, "MathematicalProblems": {"average_AIE_orig": [0.80421784260357, 0.4448488204922628, 0.2233204545384973, 0.23948712186323579, 0.24284079541885265, 0.2506968363213789, 0.21503552241817378, 0.20528198158921626, 0.23549169542603077, 0.23731570665659324, 0.23122352229080542, 0.2966068701486394, 0.3433076015645401, 0.2464614568002356, 0.2616731874982324, 0.29550428687432445, 0.23840808222470003, 0.21888809435536336, 0.18274602107926136, 0.11699022130690705, 0.10648244610137846, 0.11214230708617741, 0.13446713088356124, 0.12981772495902316, 0.0796077048382277, 0.09429506353654299, 0.10870367827807452, 0.07897528090104936, 0.09077045367734068, 0.0694309905420538, 0.058184181001915296], "average_kurt_orig": 5.420533358605008, "average_AIE_lie": [0.3833204867064399, 0.22065290505121565, 0.2205096399666716, 0.20196948218282038, 0.1896307330426269, 0.20443382176685415, 0.21640345416674636, 0.1987106845012537, 0.202561852457342, 0.16659488982401924, 0.1582316609256854, 0.20357293572281432, 0.16890553831543825, 0.144903500541007, 0.18183212221964776, 0.1491488961664509, 0.15509189862957795, 0.12089520660930708, 0.10705570041384871, 0.08785902399178509, 0.08085634758415287, 0.0852257023016884, 0.08067888676371748, 0.07556407798302772, 0.06875652567266602, 0.0730190167849943, 0.06343714249231024, 0.07481741243505587, 0.11315767412588476, 0.10843656993296728, 0.14213670512074478], "average_kurt_lie": 3.492958338960984}, "Sciq": {"average_AIE_orig": [0.47356246560844667, 0.27743542644828867, 0.3231413615374713, 0.24353769400738423, 0.28092149766378816, 0.21684065227651522, 0.2218142473741035, 0.2517704141586316, 0.2272203116459682, 0.2412810543501873, 0.22048087591819385, 0.18883897987723683, 0.2509419467891399, 0.2854453969650297, 0.23785046489305203, 0.2725160090488914, 0.2300885828360991, 0.20486246397765143, 0.20178115513350692, 0.198043571221211, 0.1658081810478701, 0.17732429770881034, 0.14520892114537962, 0.1477590285214496, 0.15601481087885474, 0.14985904259890218, 0.14897010176598832, 0.16270973570799913, 0.1670367162801025, 0.15768098286854224, 0.20004738979951983], "average_kurt_orig": 3.0227574841176965, "average_AIE_lie": [0.46803193578777935, 0.20237670075807004, 0.19809079533020912, 0.2020260193174013, 0.18657561676394327, 0.1643166124838225, 0.16901724150108186, 0.1799188081991363, 0.17345294253841667, 0.16631019994143004, 0.18224025401671565, 0.20149560289319607, 0.1587005296678733, 0.18386354039906017, 0.22632570246247846, 0.15725891936983846, 0.15049365494228997, 0.11263639926401715, 0.1075886276675623, 0.09479693446718175, 0.07983060812101248, 0.08101495309158087, 0.08583739944274911, 0.10020399715922497, 0.08557316393107975, 0.08631233597184271, 0.10857365822812982, 0.09386182995251607, 0.09094806826013108, 0.1933032612518002, 0.19411848749499055], "average_kurt_lie": 4.884985624910798}, "Sciq_2": {"average_AIE_orig": [0.47356246560844667, 0.27743542644828867, 0.3231413615374713, 0.24353769400738423, 0.28092149766378816, 0.21684065227651522, 0.2218142473741035, 0.2517704141586316, 0.2272203116459682, 0.2412810543501873, 0.22048087591819385, 0.18883897987723683, 0.2509419467891399, 0.2854453969650297, 0.23785046489305203, 0.2725160090488914, 0.2300885828360991, 0.20486246397765143, 0.20178115513350692, 0.198043571221211, 0.1658081810478701, 0.17732429770881034, 0.14520892114537962, 0.1477590285214496, 0.15601481087885474, 0.14985904259890218, 0.14897010176598832, 0.16270973570799913, 0.1670367162801025, 0.15768098286854224, 0.20004738979951983], "average_kurt_orig": 3.0227574841176965,