{"Questions1000": {"average_AIE_orig": [0.5014902813926927, 0.34653136917025784, 0.6014158720242099, 0.33822394308027026, 0.34134414405077307, 0.19048485063675646, 0.17477494829686097, 0.15683976601674665, 0.1404527698753261, 0.14797147108536018, 0.11877582588678469, 0.13180687186042875, 0.3042825997274675, 0.1437581716599774, 0.14518780124057254, 0.14922520091748653, 0.10558070392865747, 0.14687459956262117, 0.2429793831491784, 0.10240462855638369, 0.1401039191398629, 0.1339944767876522, 0.1076299961916335, 0.11593545300915871, 0.15125905148028576, 0.1661656914802068, 0.08378656854580244, 0.07732218433836437, 0.09128537505451649, 0.0899726158707004, 0.07486824352439127, 0.12048517096813265, 0.11329071259539515, 0.10191633184898637, 0.12156403785490472, 0.13305122860455865, 0.1514112456644154, 0.1133354491249443, 0.15358398706829113], "average_kurt_orig": 4.935146892314909, "average_AIE_lie": [0.16914447106795547, 0.1533781593122884, 0.28794251588203895, 0.11887893225025871, 0.1798071929099767, 0.13592968862989674, 0.1633280540905569, 0.10458894533955533, 0.1185537667054197, 0.14134904052677524, 0.1500998990788408, 0.10170432240094827, 0.1752311525226611, 0.12685998047013647, 0.23397850185794675, 0.10001975430742555, 0.09738357895418354, 0.08021327939694342, 0.095666207684123, 0.09612556495096372, 0.09754322602535072, 0.05382584762314092, 0.06102236777544021, 0.04905626496543055, 0.07026839545239573, 0.05295995003503302, 0.046749654995358506, 0.054117510286362275, 0.04951863471904527, 0.061581273765667625, 0.04483679745508277, 0.04931559552964957, 0.05959022352228994, 0.07630444606037244, 0.06116040218945431, 0.09098434270400069, 0.1708141943964888, 0.19609749064335358, 0.1657315688904213], "average_kurt_lie": 5.510371544554205}, "Sciq": {"average_AIE_orig": [0.39767044348887504, 0.24055357737779623, 0.4663354749076334, 0.1675168488184583, 0.19269591517015233, 0.2008631546670606, 0.25075479182636723, 0.18338495841633323, 0.17740842102026186, 0.17788473529167895, 0.1539063991258669, 0.1803875364114871, 0.21980841014073182, 0.20473536341313453, 0.20092348481869055, 0.21460721748307846, 0.1456076175200433, 0.19681729246256616, 0.1276496390393291, 0.14250545456754005, 0.14351584837740997, 0.14100848158657817, 0.11740992806045684, 0.12327645847323589, 0.19066149070232102, 0.10575436875968382, 0.10458584447048698, 0.1061352332729752, 0.08454235073261226, 0.1246067898236735, 0.09535139838505982, 0.08986967765759098, 0.09326060014916482, 0.11218524220079067, 0.12130452183686685, 0.1174694094693295, 0.0961539385637694, 0.11666465159522987, 0.18666287017118638], "average_kurt_orig": 3.9734783642510236, "average_AIE_lie": [0.17040369810138964, 0.13612587396913767, 0.2848995770552745, 0.12478942416032865, 0.1388249552851035, 0.10928958346480594, 0.12532599087526866, 0.1001066768287935, 0.11239379964681105, 0.12832873167281425, 0.11054131951663122, 0.11538770001503691, 0.1387568332539774, 0.09784207768187299, 0.1470733387078109, 0.09537668895129163, 0.0843257318032939, 0.07743990709985825, 0.09473679771699076, 0.0639226847656164, 0.0888135586594488, 0.05333336342818499, 0.048476325274098286, 0.06167335043449417, 0.04955647575759673, 0.04258295394657296, 0.03655644306972327, 0.04563919533461841, 0.03488758742297004, 0.03733633570914575, 0.041887450099410854, 0.04379106055383012, 0.05005221252609431, 0.06822110761522586, 0.06161938762132389, 0.09624984332617494, 0.12859174053968597, 0.18833225619058194, 0.14339894494916391], "average_kurt_lie": 5.28819672047997}, "WikiData": {"average_AIE_orig": [0.2721300791980762, 0.2183559933989705, 0.40209724429550503, 0.1462356010610767, 0.15103517650321782, 0.18274589143676434, 0.18431308780860348, 0.1399675760627966, 0.13726146657241597, 0.1425127065314095, 0.12447240558442023, 0.14130422551812952, 0.18412486104439474, 0.15194200572972777, 0.1503367797152783, 0.24509049592037585, 0.12426223066975656, 0.2221972699080115, 0.11227953292479308, 0.12735169341724165, 0.14635952361629734, 0.14470451670111, 0.10735640568793872, 0.09919033942189734, 0.14712158029972844, 0.09453331388053464, 0.0883516277201176, 0.09812950802693815, 0.08753399592913287, 0.09679523001348113, 0.0885205045843976, 0.08000689029290248, 0.08814468416767497, 0.08970952272351523, 0.14142853297019156, 0.07616520799380577, 0.07530620987984898, 0.07188468920653493, 0.10760613380757514], "average_kurt_orig": 3.9764114264236197, "average_AIE_lie": [0.19213231034866557, 0.13994116989942362, 0.25122936560667813, 0.13554806063437908, 0.15581444993589516, 0.12730466754491715, 0.16030742249067, 0.13488818613629305, 0.11750604985235491, 0.13849732260662634, 0.12451169000536656, 0.12482580978297482, 0.16275104701609364, 0.13337225389352553, 0.1036027326164798, 0.11463476478772401, 0.08312982109701184, 0.08268665696894302, 0.0822536223288471, 0.06687826767230212, 0.08195382699093921, 0.06735260030609952, 0.06332783921255698, 0.07466445965120942, 0.06925109356447165, 0.052558580096841945, 0.04517189749141238, 0.052289579893040714, 0.04703436909740787, 0.045663754718616036, 0.03801583559136486, 0.055664070196153215, 0.050699313309632094, 0.06577831156147183, 0.06708730029631066, 0.13067005864579298, 0.14100795561679846, 0.20655304391311047, 0.18336026614003517], "average_kurt_lie": 4.564508158477065}, "Commonsense2": {"average_AIE_orig": [0.3300289305035407, 0.2454968819735578, 0.4436973401512783, 0.17126963586827307, 0.22244999020613757, 0.19762168500090876, 0.28115910927730436, 0.18190127629606037, 0.19074105992352344, 0.18966475304173985, 0.18648905425761444, 0.15693544759735067, 0.2636034596239807, 0.179728663187864, 0.2509218374136971, 0.3085089639601318, 0.18764624068296681, 0.18613439995536496, 0.14056317114836642, 0.15401454962392488, 0.15534999582949624, 0.09350180660849534, 0.09184573895524564, 0.12090773181952144, 0.2735134957737461, 0.15119417181739955, 0.15535110290024487, 0.08110992881494274, 0.05618875607450643, 0.12520118518796483, 0.06128297345645021, 0.09584420276753056, 0.07378787235353103, 0.10540881535533753, 0.14252404525737514, 0.11179142531192739, 0.17687890688582303, 0.21777647704476297, 0.3197894079242543], "average_kurt_orig": 3.1109401748740213, "average_AIE_lie": [0.249684372038066, 0.1718057748348233, 0.3327240081224902, 0.15448779440237898, 0.17952820506125558, 0.1683573561224262, 0.15050586633269844, 0.1408803920115366, 0.1304256290706351, 0.15764507820892695, 0.15724456581242416, 0.1269456199275568, 0.16133951287418652, 0.13940412249973824, 0.1288112365684017, 0.12373235380699382, 0.1399434530880129, 0.1775558625434547, 0.10244314570174834, 0.12953193955459133, 0.08439913374198557, 0.06759925762213073, 0.095906738532967, 0.0754391718926558, 0.09258355108782822, 0.044208703243152, 0.11510919855513642, 0.09142982148901062, 0.032654519820975704, 0.03966012320936073, 0.04109841225084004, 0.048778182970424896, 0.06986657333787703, 0.050258440561159405, 0.05361557785464927, 0.068127832228594, 0.1349926647286169, 0.17425855271231253, 0.13943119681315758], "average_kurt_lie": 3.5886665460078806}, "MathematicalProblems": {"average_AIE_orig": [0.5771770338007414, 0.16492440652122153, 0.5647365178932799, 0.12317070505023998, 0.10496147683159233, 0.12134724104388513, 0.14040193658939656, 0.12546680337764363, 0.15222276658576758, 0.1271050898955866, 0.12620893079491163, 0.12815401557942524, 0.17525388439121173, 0.14884655305836847, 0.22214299207553267, 0.2552740486913963, 0.10771349947501153, 0.18293995619128972, 0.09662748090325192, 0.28561665980832623, 0.08937976389804626, 0.1409646614609077, 0.0897569999815946, 0.08891556562387688, 0.09252371074243344, 0.04514377102016765, 0.06649966562854097, 0.048017593668425146, 0.05127523146211145, 0.07016539288047242, 0.06315029663516876, 0.03863717085696797, 0.0751429716533518, 0.06078263360230043, 0.0509729715273342, 0.05958624486935967, 0.0706493932614352, 0.05893711863523897, 0.09170480964974285], "average_kurt_orig": 9.373506413522563,