{"PAP": {"average_AIE_adv": [0.7656273674522042, 0.2241875208279636, 0.36528389939615075, 0.1911798542290529, 0.08731771889413426, 0.1131327960462749, 0.22176462220065946, 0.1977292726596081, 0.13190177371436657, 0.13511287145923043, 0.13123524201810072, 0.10576036574622226, 0.25076045801993024, 0.07951533390108005, 0.07335995085710703, 0.08212405538963435, 0.07120528137094753, 0.07261445688069329, 0.0463150474567746, 0.04989949936523687, 0.05071816206440445, 0.03272008474252021, 0.038916151162034784, 0.039960788288550785, 0.0427528893531755, 0.09725744528479355, 0.11856505009814981, 0.08697393319981042, 0.07116663918014644, 0.13105974672723186, 0.1652773848135573], "average_kurt_adv": 10.793720128911469, "average_AIE_non_adv": [0.8168307863477724, 0.3979972671594255, 0.24002871907908807, 0.1311909884737789, 0.07379124573747481, 0.11972388625144958, 0.15897661241633462, 0.049983327423245454, 0.20308075869871564, 0.09964338997917727, 0.09093819540147939, 0.06907288391481746, 0.16524993523585896, 0.1683153672189998, 0.12011929299713166, 0.13896203625639722, 0.12734525195084329, 0.07598025745843068, 0.14542308620615932, 0.239278299372243, 0.07235374631098479, 0.07675336450646239, 0.07792876085097139, 0.11123822252304594, 0.03813308465086724, 0.08193440732261366, 0.13964827543447825, 0.08627278052947739, 0.08630665625668754, 0.12494846054714573, 0.2268004271486574], "average_kurt_non_adv": 9.516817155080625}, "GCG": {"average_AIE_adv": [0.700048295265189, 0.3977931927967637, 0.3260130327323515, 0.24828695208426904, 0.17747425432359293, 0.2440279686634577, 0.2967563138717246, 0.2736741583030248, 0.2525981682244773, 0.2209958388283849, 0.1438478426626799, 0.1599572701278058, 0.24973395475948398, 0.11388845720413056, 0.15143085005608473, 0.14682145473589614, 0.10034794805063443, 0.06761416318741711, 0.15444614145566116, 0.08317810754884374, 0.06096029170534827, 0.0634606457027522, 0.12463709110902114, 0.09351507038555362, 0.10085306019945578, 0.11744816387241537, 0.08250094161792235, 0.17955551794984123, 0.09279062284664674, 0.12056471958417785, 0.18276792597025632], "average_kurt_adv": 7.393960287338353, "average_AIE_non_adv": [0.9191242226794452, 0.221388582761089, 0.149597959720767, 0.09151193349823064, 0.10989683004570942, 0.07363057662458981, 0.06941193210728028, 0.13222082675087685, 0.14215440960491404, 0.059469617063216136, 0.08276051041834495, 0.062152061538369045, 0.17388497709351428, 0.060689121776936104, 0.06208512654491499, 0.054222424825032554, 0.06372709484661326, 0.027408777206551795, 0.03636720338288475, 0.026134028154260972, 0.030366638711854525, 0.018025354427449843, 0.03651726187444201, 0.01446885863939921, 0.02156462914803449, 0.04379607240358988, 0.03228512873836592, 0.039646549844274334, 0.03869887280697916, 0.078132243717418, 0.05909911849919487], "average_kurt_non_adv": 17.958774082496557}, "AutoDAN": {"average_AIE_non_adv": [0.8168307863462809, 0.39799726716280986, 0.24002871908057857, 0.13119098847314056, 0.07379124573842974, 0.11972388625206608, 0.15897661241528926, 0.049983327423553756, 0.20308075869669437, 0.09964338997892563, 0.09093819540206612, 0.06907288391818184, 0.16524993523553724, 0.16831536722231402, 0.12011929300000011, 0.13896203625991746, 0.1273452519528925, 0.07598025745537192, 0.1454230862099173, 0.23927829936983475, 0.072353746311157, 0.07675336450454545, 0.07792876085371903, 0.11123822252107446, 0.03813308464834712, 0.08193440732438018, 0.13964827543181824, 0.08627278052892563, 0.08630665625785124, 0.12494846055082644, 0.2268004271504132], "average_AIE_adv": [0.8168307863462809, 0.39799726716280986, 0.24002871908057857, 0.13119098847314056, 0.07379124573842974, 0.11972388625206608, 0.15897661241528926, 0.049983327423553756, 0.20308075869669437, 0.09964338997892563, 0.09093819540206612, 0.06907288391818184, 0.16524993523553724, 0.16831536722231402, 0.12011929300000011, 0.13896203625991746, 0.1273452519528925, 0.07598025745537192, 0.1454230862099173, 0.23927829936983475, 0.072353746311157, 0.07675336450454545, 0.07792876085371903, 0.11123822252107446, 0.03813308464834712, 0.08193440732438018, 0.13964827543181824, 0.08627278052892563, 0.08630665625785124, 0.12494846055082644, 0.2268004271504132]}}