{"AutoDAN": {"average_AIE_adv": [0.0924312599780669, 0.17956478425091313, 0.17891922961640103, 0.11741824511698978, 0.12644693693922213, 0.06926009385415943, 0.07015471807768649, 0.09359297896384873, 0.0375393440556382, 0.07564161349368352, 0.06186634623595784, 0.03891028911976885, 0.13936864262476803, 0.052092105736054724, 0.043670073442000856, 0.03129012448092302, 0.054212332172419435, 0.0591241376804969, 0.10919621546242025, 0.1726271356831515, 0.26059995679806447], "average_kurt_adv": 3.4713029975325447, "average_AIE_non_adv": [0.12166897179789779, 0.27087289412036414, 0.2074488088611729, 0.28951325958733226, 0.22444728860431465, 0.04723797141274145, 0.10459245402704585, 0.05872767886593322, 0.10569972741948672, 0.08053526042167805, 0.11440036802991363, 0.10652827342187078, 0.11501937191779456, 0.09288792090475066, 0.04562552667353764, 0.05709548109819081, 0.1040409342809157, 0.0695166379090183, 0.0641672827980735, 0.12772564714955367, 0.41491160434401353], "average_kurt_non_adv": 4.820084919009815}, "PAP": {"average_AIE_adv": [0.13650424804451855, 0.12891499500707254, 0.12157314170382974, 0.09823817206734373, 0.15794782454595546, 0.10329778502558092, 0.09035963598321113, 0.11253002093917178, 0.06566856711987377, 0.1133113156339919, 0.06310411082046438, 0.05092280776810276, 0.0596050100415483, 0.09101003975889017, 0.048425561336930406, 0.04782657404682895, 0.05545360472255437, 0.06263883764198584, 0.0927494901643936, 0.24380254171889768, 0.17373310718703439], "average_kurt_adv": 4.2860815854770955, "average_AIE_non_adv": [0.12166897179789779, 0.27087289412036414, 0.2074488088611729, 0.28951325958733226, 0.22444728860431465, 0.04723797141274145, 0.10459245402704585, 0.05872767886593322, 0.10569972741948672, 0.08053526042167805, 0.11440036802991363, 0.10652827342187078, 0.11501937191779456, 0.09288792090475066, 0.04562552667353764, 0.05709548109819081, 0.1040409342809157, 0.0695166379090183, 0.0641672827980735, 0.12772564714955367, 0.41491160434401353], "average_kurt_non_adv": 4.8200849190098225}, "GCG": {"average_AIE_adv": [0.1926969381963665, 0.3429575665864501, 0.2860980705324222, 0.16079932694408028, 0.313306602625896, 0.09184612466361035, 0.126229773231528, 0.09253048288551244, 0.09976069948889993, 0.17670033050531692, 0.05974135488271713, 0.06852044866843657, 0.04578553111038425, 0.05733777303587306, 0.028850410905751314, 0.033159945099191235, 0.043536167564717204, 0.030510251820087434, 0.0461114738881588, 0.1373486075110056, 0.24718730587586338], "average_kurt_adv": 3.793198122701499, "average_AIE_non_adv": [0.15147779218158594, 0.20943344347909384, 0.35996640773088323, 0.10661088828654851, 0.18529710239347288, 0.1309416131207756, 0.1485059320488397, 0.1360525491775251, 0.05443937083085378, 0.2190384931277995, 0.06127102358960638, 0.049304283717099356, 0.05554897257802533, 0.0637793925901254, 0.03356131823623881, 0.04073455812884312, 0.04843209742331037, 0.05507074501000199, 0.05378494981114807, 0.19852699017992206, 0.16531769225976484], "average_kurt_non_adv": 4.279232242764385}}