{"SocialChem": {"average_AIE_attemp": [0.1503885993337219, 0.13919996149011898, 0.13178689096799934, 0.1797599416511255, 0.21288507011739913, 0.25086520354203923, 0.11404125477777946, 0.16036587548261955, 0.18591327766919233, 0.14834252970917633, 0.1668086947897638, 0.0976402851793826, 0.10459788461862289, 0.15358485658988855, 0.22299190375278813, 0.06716558178908194, 0.26441250587895404, 0.2917373308276508, 0.2629910530922305, 0.22985220475027607, 0.3176210424798069], "average_kurt_attempt": 2.871854605571535, "average_AIE_nontoxic": [0.14996746877470937, 0.135410530205388, 0.13182089977527306, 0.17649558300423407, 0.21018128065981842, 0.2431684391116888, 0.11032719229305676, 0.15594943503644462, 0.18108456535609505, 0.14696245587553838, 0.1650688084503919, 0.0975564038506995, 0.10049946544358251, 0.1539816224489396, 0.22444204764600453, 0.06686231573349798, 0.26205127612757034, 0.2897076520870527, 0.25279625237713566, 0.22745756915442725, 0.3170684255222084], "average_kurt_nontoxic": 2.8976326261076086, "average_AIE_toxic": [0.15308202828622297, 0.16343606527641238, 0.13156938049721822, 0.20063783308579283, 0.23017772354913005, 0.3000914772323053, 0.13779532157171231, 0.18861214806995294, 0.21679632158291431, 0.15716908180937392, 0.17793650335229977, 0.09817676583701777, 0.13081018536313047, 0.15104725719401998, 0.21371720386769782, 0.06910518355138556, 0.2795142467518939, 0.30471856756578064, 0.32819404257701235, 0.24516759971869673, 0.3211554203143883], "average_kurt_toxic": 2.706985860323466, "average_AIE_orig": [0.09399924509804695, 0.06942880962351337, 0.07425674267821014, 0.06559857708527707, 0.07037986259628087, 0.10129395567604806, 0.10103386606276617, 0.07394146346808411, 0.08951448184601031, 0.07778185370366554, 0.07963424236848951, 0.08883208534270524, 0.048578547837305815, 0.14728698705288115, 0.13854130163837253, 0.09662028233390302, 0.08551811775428941, 0.11013966337544843, 0.06037116366779664, 0.09797434203519952, 0.13176804419457913], "average_kurt_orig": 3.517865544656317, "average_AIE_orig_select": [0.08892934318246963, 0.06717260375018713, 0.07137003424210432, 0.06637287278204582, 0.06921497487582123, 0.10299315555722513, 0.0898812307100319, 0.0633454413533263, 0.088006938233541, 0.08061379536125163, 0.08065222772963723, 0.09358048772410002, 0.045851031686921465, 0.14835396195124123, 0.13667157254852158, 0.10347801850759628, 0.09140830218870251, 0.1104711298712557, 0.06765241637861033, 0.09721277865064175, 0.14639822984091455], "average_kurt_orig_select": 3.499820040169363, "average_AIE_toxic_select": [0.1560825275472527, 0.15920694144654712, 0.13177714442048097, 0.1980501482440175, 0.22204367869701594, 0.2837061770086017, 0.12945522188376993, 0.1822987288455177, 0.2032426589979234, 0.15202586371418997, 0.17993101930072866, 0.09868123524882644, 0.12455418365379557, 0.15501178603704152, 0.21100904731352726, 0.0687907973007542, 0.27821331438145663, 0.30338780098063006, 0.31271628649123345, 0.23520956867033593, 0.3150790916533974], "average_kurt_toxic_select": 2.7429596187721637}}