{"BBQ_0       Gender_identity\n1       Gender_identity\n2       Gender_identity\n3       Gender_identity\n4       Gender_identity\n             ...       \n5667    Gender_identity\n5668    Gender_identity\n5669    Gender_identity\n5670    Gender_identity\n5671    Gender_identity\nName: category, Length: 5672, dtype: object": {"average_AIE_correct": [0.6475295814840744, 0.23278382420539856, 0.26817263786991435, 0.3408235510190328, 0.226306123038133, 0.13982332746187845, 0.23779067397117615, 0.12209376692771912, 0.22193405032157898, 0.11770424246788025, 0.20513213674227396, 0.13898133238156637, 0.21704094608624777, 0.24421633780002594, 0.2934296528498332, 0.23260356982549033, 0.116516908009847, 0.2824288109938304, 0.058627973000208534, 0.09990005691846211, 0.09039698044459026, 0.05887036522229513, 0.14424835642178854, 0.1411068340142568, 0.1976460119088491, 0.07471830646197002, 0.1861352026462555, 0.12866080303986868, 0.030765692392985027, 0.08169913291931152, 0.08649271726608276], "average_kurt_correct": 6.364516970702056, "average_AIE_wrong": [0.6996396373974026, 0.16412595446620667, 0.38111437551145044, 0.17442060501447745, 0.49063293023833204, 0.2927464778934206, 0.3227636316525085, 0.15999610722064972, 0.13514404424599238, 0.14970683200018747, 0.2098588336791311, 0.10939314535685948, 0.33778725138732363, 0.3514768310955593, 0.16287675074168614, 0.35157234753881184, 0.2670011488454683, 0.2862746864557266, 0.08808080426284245, 0.05395956124578204, 0.11606404185295105, 0.10619841728891645, 0.11939701437950134, 0.10175567439624242, 0.26691849742616924, 0.11558898644787925, 0.12394304147788457, 0.10402113624981471, 0.0954660837139402, 0.0712733907358987, 0.045539651598249166], "average_kurt_wrong": 3.904101840878074, "average_AIE_stereotype": [0.7017271385993809, 0.13454341888427734, 0.4051254913210869, 0.08877262473106384, 0.1668069064617157, 0.07868590950965881, 0.3720604106783867, 0.196568101644516, 0.06034669280052185, 0.10260847210884094, 0.18811756372451782, 0.09520703554153442, 0.26961497962474823, 0.3761732503771782, 0.1427156627178192, 0.24945023655891418, 0.0322113037109375, 0.2895674780011177, 0.053855180740356445, 0.06007784605026245, 0.06447562575340271, 0.07475990056991577, 0.1290760040283203, 0.06545627117156982, 0.26358380913734436, 0.05050787329673767, 0.1446455419063568, 0.15272724628448486, 0.016032010316848755, 0.11721497774124146, 0.04190707206726074], "average_kurt_stereotype": 5.142697777468712, "average_AIE_nonstereotype": [0.6988046369166113, 0.17595896869897842, 0.37150992918759584, 0.2086797971278429, 0.6201633397489786, 0.37837070524692534, 0.30304492004215716, 0.1453673094511032, 0.1650629848241806, 0.16854617595672608, 0.2185553416609764, 0.1150675892829895, 0.3650561600923538, 0.34159826338291166, 0.17094118595123292, 0.39242119193077085, 0.36091708689928054, 0.2849575698375702, 0.10177105367183685, 0.05151224732398987, 0.13669940829277039, 0.11877382397651673, 0.11552541851997375, 0.11627543568611146, 0.2682523727416992, 0.14162143170833588, 0.11566204130649567, 0.08453869223594665, 0.1272397130727768, 0.0528967559337616, 0.04699268341064453], "average_kurt_nonstereotype": 3.408663466241819}, "BBQ_0       Gender_identity\n1       Gender_identity\n2       Gender_identity\n3       Gender_identity\n4       Gender_identity\n             ...       \n5667    Gender_identity\n5668    Gender_identity\n5669    Gender_identity\n5670    Gender_identity\n5671    Gender_identity\nName: category, Length: 5672, dtype: object_2": {"average_AIE_correct": [0.6475295814840744, 0.23278382420539856, 0.26817263786991435, 0.3408235510190328, 0.226306123038133, 0.13982332746187845, 0.23779067397117615, 0.12209376692771912, 0.22193405032157898, 0.11770424246788025, 0.20513213674227396, 0.13898133238156637, 0.21704094608624777, 0.24421633780002594, 0.2934296528498332, 0.23260356982549033, 0.116516908009847, 0.2824288109938304, 0.058627973000208534, 0.09990005691846211, 0.09039698044459026, 0.05887036522229513, 0.14424835642178854, 0.1411068340142568, 0.1976460119088491, 0.07471830646197002, 0.1861352026462555, 0.12866080303986868, 0.030765692392985027, 0.08169913291931152, 0.08649271726608276], "average_kurt_correct": 6.364516970702056, "average_AIE_wrong": [0.6996396373974026, 0.16412595446620667, 0.38111437551145044, 0.17442060501447745, 0.49063293023833204, 0.2927464778934206, 0.3227636316525085, 0.15999610722064972, 0.13514404424599238, 0.14970683200018747, 0.2098588336791311, 0.10939314535685948, 0.33778725138732363, 0.3514768310955593, 0.16287675074168614, 0.35157234753881184, 0.2670011488454683, 0.2862746864557266, 0.08808080426284245, 0.05395956124578204, 0.11606404185295105, 0.10619841728891645, 0.11939701437950134, 0.10175567439624242, 0.26691849742616924, 0.11558898644787925, 0.12394304147788457, 0.10402113624981471, 0.0954660837139402, 0.0712733907358987, 0.045539651598249166], "average_kurt_wrong": 3.904101840878074, "average_AIE_stereotype": [0.7017271385993809, 0.13454341888427734, 0.4051254913210869, 0.08877262473106384, 0.1668069064617157, 0.07868590950965881, 0.3720604106783867, 0.196568101644516, 0.06034669280052185, 0.10260847210884094, 0.18811756372451782, 0.09520703554153442, 0.26961497962474823, 0.3761732503771782, 0.1427156627178192, 0.24945023655891418, 0.0322113037109375, 0.2895674780011177, 0.053855180740356445, 0.06007784605026245, 0.06447562575340271, 0.07475990056991577, 0.1290760040283203, 0.06545627117156982, 0.26358380913734436, 0.05050787329673767, 0.1446455419063568, 0.15272724628448486, 0.016032010316848755, 0.11721497774124146, 0.04190707206726074], "average_kurt_stereotype": 5.142697777468712, "average_AIE_nonstereotype": [0.6988046369166113, 0.17595896869897842, 0.37150992918759584, 0.2086797971278429, 0.6201633397489786, 0.37837070524692534, 0.30304492004215716, 0.1453673094511032, 0.1650629848241806, 0.16854617595672608, 0.2185553416609764, 0.1150675892829895, 0.3650561600923538, 0.34159826338291166, 0.17094118595123292, 0.39242119193077085, 0.36091708689928054, 0.2849575698375702, 0.10177105367183685, 0.05151224732398987, 0.13669940829277039, 0.11877382397651673, 0.11552541851997375, 0.11627543568611146, 0.2682523727416992, 0.14162143170833588, 0.11566204130649567, 0.08453869223594665, 0.1272397130727768, 0.0528967559337616, 0.04699268341064453], "average_kurt_nonstereotype": 3.408663466241819}, "BBQ_0       Gender_identity\n1       Gender_identity\n2       Gender_identity\n3       Gender_identity\n4       Gender_identity\n             ...       \n5667    Gender_identity\n5668    Gender_identity\n5669    Gender_identity\n5670    Gender_identity\n5671    Gender_identity\nName: category, Length: 5672, dtype: object_3": {"average_AIE_correct": [0.770129828934401, 0.1193930800411502, 0.47974061625990627, 0.2572167916632257, 0.5401366360109477, 0.2431712491963593, 0.202802592642481, 0.10753047441212235, 0.11635726248942203, 0.12054767809150291, 0.08579919659335312, 0.11304847696713338, 0.3499488617213193, 0.2633502036142921, 0.2302956977339044, 0.2848766726442157, 0.19390207117959674, 0.17946413583243423, 0.0639607759611895, 0.06606981403566611, 0.09509170028766604, 0.054877897864278935, 0.08550403082306864, 0.10863376813672099, 0.2070602290579529, 0.08100470782919858, 0.10755478096303434, 0.06118999343629757, 0.08735947307881925, 0.06694698420454495, 0.05567908835478009], "average_kurt_correct": 5.240083705736206,