{"BBQ_0       Gender_identity\n1       Gender_identity\n2       Gender_identity\n3       Gender_identity\n4       Gender_identity\n             ...       \n5667    Gender_identity\n5668    Gender_identity\n5669    Gender_identity\n5670    Gender_identity\n5671    Gender_identity\nName: category, Length: 5672, dtype: object": {"average_AIE_correct": [0.0011421571175257365, 0.0008683999379475912, 0.5889052321513494, 0.0], "average_kurt_correct": 0.5889052321513494, "average_AIE_wrong": [0.001221085446221488, 0.0012835630348750522, 0.5916652743571571, 0.0], "average_kurt_wrong": 0.5916652743571571, "average_AIE_stereotype": [0.0011607749121529715, 0.001390807969229562, 0.6122638953051397, 0.0], "average_kurt_stereotype": 0.6122638953051397, "average_AIE_nonstereotype": [0.0012813959802900042, 0.0011763181005205426, 0.5710666534091745, 0.0], "average_kurt_nonstereotype": 0.5710666534091745}, "BBQ_0       Gender_identity\n1       Gender_identity\n2       Gender_identity\n3       Gender_identity\n4       Gender_identity\n             ...       \n5667    Gender_identity\n5668    Gender_identity\n5669    Gender_identity\n5670    Gender_identity\n5671    Gender_identity\nName: category, Length: 5672, dtype: object_2": {"average_AIE_correct": [0.0012439220711372686, 0.6053054439811264, 0.0017912304806912047], "average_kurt_correct": 0.604438746080298, "average_AIE_wrong": [0.0011647274180650387, 0.6357028652286777, 0.001487249465395052], "average_kurt_wrong": 0.6349210677211499, "average_AIE_stereotype": [0.0011690651345071632, 0.6384930979652863, 0.001405425905972074], "average_kurt_stereotype": 0.6377049895353859, "average_AIE_nonstereotype": [0.0011609528980041472, 0.6332749081274232, 0.001558449293833886], "average_kurt_nonstereotype": 0.6324986021506156}}