{"BBQ_0       Gender_identity\n1       Gender_identity\n2       Gender_identity\n3       Gender_identity\n4       Gender_identity\n             ...       \n5667    Gender_identity\n5668    Gender_identity\n5669    Gender_identity\n5670    Gender_identity\n5671    Gender_identity\nName: category, Length: 5672, dtype: object": {"average_AIE_correct": [0.788911842152574, 0.12749203808864118, 0.2475369848326555, 0.21665618971063327, 0.18047522573152733, 0.15119901962770246, 0.14043770111042478, 0.09793199939451079, 0.11299846989623065, 0.10746955896553963, 0.09548557162277396, 0.09259523919086089, 0.34704622910313754, 0.20656717330470808, 0.15951075285799865, 0.22017558853795613, 0.16029023643808551, 0.18414881741027048, 0.05591057814199248, 0.085663910151989, 0.06967830827917201, 0.07217406455787079, 0.08265632306183202, 0.08213428196647746, 0.2603562984908146, 0.07019303432698844, 0.11379926093761297, 0.044238841365193536, 0.07682617670628594, 0.08191503759095256, 0.04765316291622307], "average_kurt_correct": 9.144478010241215, "average_AIE_wrong": [0.7876607034594687, 0.10831329143529297, 0.2805929476366217, 0.20079257279697105, 0.19524266566141016, 0.18585630586820132, 0.12885927084479415, 0.10077227806135415, 0.10453985002487208, 0.09180221433393514, 0.09220303683710332, 0.08399237251822529, 0.3425790207608094, 0.18916342141025078, 0.14788605242748531, 0.22875581450685312, 0.13688583563409265, 0.21655855794241227, 0.051824390214761144, 0.07650208922613716, 0.06788621332497419, 0.055386875862326185, 0.06962522806885243, 0.06107827839298337, 0.23380186982308848, 0.06679471798206654, 0.10197623528432626, 0.04364680026001415, 0.07188673409322222, 0.07828605049455845, 0.0469100986344432], "average_kurt_wrong": 9.13325206768649, "average_AIE_stereotype": [0.789221823728561, 0.1084566452023298, 0.26675121548856434, 0.2027964739945285, 0.18337098323353695, 0.18624237769802693, 0.12341872102380967, 0.09254654588460086, 0.10226374792426633, 0.09301465982543997, 0.09034440439737212, 0.08494198525999114, 0.35252617851047924, 0.18974030797351796, 0.15356570740343187, 0.2324488085829214, 0.13518503601861723, 0.20768492430396215, 0.05066722165847676, 0.07566992752145019, 0.06772228439800079, 0.052175497785515786, 0.06724592820115087, 0.05699077929545035, 0.23083729556101745, 0.06747499158232097, 0.09724311100732101, 0.04115548924335337, 0.06675968386315685, 0.07912534524808158, 0.04618891571839697], "average_kurt_stereotype": 9.32814581059668, "average_AIE_nonstereotype": [0.786302274467677, 0.1081885503009417, 0.292637509877472, 0.1990488522538826, 0.2055729636600025, 0.1855203604724926, 0.13359343563301332, 0.10793000529662472, 0.10652042970406518, 0.090747189209199, 0.09382034989183886, 0.08316605470983536, 0.3339233728004297, 0.18866143610647096, 0.14294382719637905, 0.2255423079508446, 0.13836580841558324, 0.22428006501375203, 0.052831315399430194, 0.07722620549564328, 0.06802885820083851, 0.058181298027941745, 0.07169560661971904, 0.0646350685954701, 0.2363815324574466, 0.0662027691109694, 0.10609482458646574, 0.045814646760764285, 0.07634810315797869, 0.07755572731035729, 0.04753764527574819], "average_kurt_nonstereotype": 8.96366275677335}}