{"BBQ_0       Gender_identity\n1       Gender_identity\n2       Gender_identity\n3       Gender_identity\n4       Gender_identity\n             ...       \n5667    Gender_identity\n5668    Gender_identity\n5669    Gender_identity\n5670    Gender_identity\n5671    Gender_identity\nName: category, Length: 5672, dtype: object": {"average_AIE_correct": [0.07015436059845442, 0.04524936726544313, 0.6501002804248027, 0.03924639108601286, 0.05694706643872441, 0.03387131617121492, 0.03996154542050744, 0.0370781992112211, 0.059008843786210116, 0.061209543891157445, 0.0395171625399797, 0.056901375622354394, 0.04467045407006328, 0.09535010560477813, 0.09990610492986285, 0.07209742410199088, 0.05512592366461672, 0.029917983001484013, 0.0205312328034357, 0.014986973317100508, 0.02463067984949801, 0.025653300230018255, 0.013204509649897559, 0.015809164589311166, 0.018895635672473078, 0.01863761286062461, 0.023955358282965765, 0.024937777981387774, 0.012375825783763053, 0.02884105805462497, 0.011564661140331252, 0.03771398575929069, 0.01923798515917292, 0.016020535932907243, 0.017778235829495018, 0.038244397024396845, 0.018568208711861104, 0.032920896872527514, 0.03468108226167284], "average_kurt_correct": 26.204548466608763, "average_AIE_wrong": [0.08084509538833898, 0.04598989761400056, 0.6983466839268093, 0.043298977365193086, 0.05067038598425799, 0.030047571673009033, 0.041833394195097066, 0.04101977165267828, 0.045635205558321734, 0.05338082408895749, 0.036522895689370706, 0.060841154523190936, 0.045998809749674546, 0.09158041339502487, 0.09908340930497893, 0.08536799324537911, 0.05561655598561, 0.026308697814744656, 0.020484317191243866, 0.01260829921964079, 0.02317595662844232, 0.02338813517334026, 0.012580151082755713, 0.015964669747870457, 0.015982055858955072, 0.016653434109158812, 0.021836686013690598, 0.02271841984400261, 0.011536256772342383, 0.027963098418438838, 0.010408850206202132, 0.03482013755199184, 0.0210020708731521, 0.013497668859697864, 0.018080918020476344, 0.03894815144718923, 0.01683309649901429, 0.03805876767162035, 0.032507895205261275], "average_kurt_wrong": 27.21829428949229, "average_AIE_stereotype": [0.08172566224040323, 0.045884051936210236, 0.6884578481349763, 0.04464036955539431, 0.05481990231541999, 0.029054972707421335, 0.03929442244802596, 0.039749740980034386, 0.04179356894626324, 0.04999891213484123, 0.03486166282885336, 0.05987134320313301, 0.047576419937357964, 0.095031670967623, 0.10439524493810069, 0.09464588623515444, 0.05407024736234448, 0.022799786747305838, 0.019348486597597712, 0.01207974469845465, 0.022374941204784005, 0.021653050861836397, 0.012813157084360288, 0.016374026190109105, 0.0155821225546688, 0.015603945778973529, 0.018405038669619258, 0.02094636716824276, 0.010897103876507122, 0.02679027990224504, 0.009663383682798558, 0.03150110615700885, 0.022074962311167706, 0.012219829079273348, 0.017499680406555734, 0.03676906813775873, 0.015524211474236726, 0.04154905870642965, 0.028936954965251487], "average_kurt_stereotype": 26.69335242210566, "average_AIE_nonstereotype": [0.08024808141548287, 0.04606165973911248, 0.7050511983304165, 0.042389529231013544, 0.047857062697683105, 0.030720542101670058, 0.04355478718886572, 0.04188083751695285, 0.048239790015092945, 0.05567372063263657, 0.037649192037650915, 0.06149867519609761, 0.04492920859042217, 0.08924050133731301, 0.0954820471970884, 0.0790776908786993, 0.05666493505220021, 0.028687698264125122, 0.021254396979751188, 0.012966652970778094, 0.02371903566812706, 0.024564501937116227, 0.012422175753124393, 0.01568713089284517, 0.016253205937236684, 0.01736497485816751, 0.024163302567019172, 0.023919850724106285, 0.011969594921184318, 0.02875825558356566, 0.010914267744603771, 0.03707040181586666, 0.020274663092185282, 0.014364029207235843, 0.018474990289091362, 0.04042554431145367, 0.01772050515722403, 0.03569239138544657, 0.03492895070436653], "average_kurt_nonstereotype": 27.574198703827545}, "BBQ_0       Gender_identity\n1       Gender_identity\n2       Gender_identity\n3       Gender_identity\n4       Gender_identity\n             ...       \n5667    Gender_identity\n5668    Gender_identity\n5669    Gender_identity\n5670    Gender_identity\n5671    Gender_identity\nName: category, Length: 5672, dtype: object_2": {"average_AIE_correct": [0.15936237290138877, 0.23887558304566606, 0.1616345693979707, 0.1814186583123277, 0.18876843502478038, 0.2733935631909026, 0.12052282924991045, 0.19937562063320438, 0.11215635220233906, 0.08648170119910344, 0.06996148835951962, 0.07097523787619887, 0.06101701679965566, 0.0720787506780521, 0.07908459183493645, 0.05002445323793526, 0.05961447211873935, 0.13335043016375822, 0.11210793270991787, 0.06367026277867784, 0.10738423987942895], "average_kurt_correct": 6.809212148136437, "average_AIE_wrong": [0.12638046416591964, 0.18018516494423956, 0.11409737196709245, 0.11098409394754044, 0.16940008920141522, 0.280667250247618, 0.09051720598102386, 0.19237083105168226, 0.08412120585712286, 0.07589229370458607, 0.0554678753824163, 0.062438530201489414, 0.05231041098626617, 0.04678090985245466, 0.07081573246613285, 0.04007973033806373, 0.04390391611660536, 0.11869949255675825, 0.0851275133807285, 0.05678602921131263, 0.07804342188841742], "average_kurt_wrong": 7.030524447353, "average_AIE_stereotype": [0.17817862308957014, 0.24107297331432803, 0.16264531171874033, 0.14624805920807069, 0.24186768488845792, 0.3968597098182824, 0.14569211442659863, 0.2240217346101469, 0.12419147076237669, 0.11641532496227701, 0.08844482972952819, 0.08358345231127484, 0.07388505673705471, 0.07117607919134704, 0.09114718039476999, 0.05411909096393721, 0.06865493417634659, 0.1742471820572093, 0.15158300111451423, 0.08141064378714646, 0.13112561178005888], "average_kurt_stereotype": 5.455049522414067, "average_AIE_nonstereotype": [0.11175203938446658, 0.1629897135351995, 0.10038684827843611, 0.10102512486391331, 0.14893436619834086, 0.24785309834876706, 0.07493514640996204, 0.18343223416733195, 0.07280487978840293, 0.06444810095743918, 0.046154785762779676, 0.05646694918355001, 0.04621747082951081, 0.03989141981805389, 0.06507388636769362, 0.03611484557839494, 0.036913930111794016, 0.10301215511994745, 0.06635968217148852, 0.04983174107482086, 0.0630523712758031], "average_kurt_nonstereotype": 7.475457566858363}, "BBQ_0       Gender_identity\n1       Gender_identity\n2       Gender_identity\n3       Gender_identity\n4       Gender_identity\n             ...       \n5667    Gender_identity\n5668    Gender_identity\n5669    Gender_identity\n5670    Gender_identity\n5671    Gender_identity\nName: category, Length: 5672, dtype: object_3": {"average_AIE_correct": [0.14415008228544055, 0.10268246099581799, 0.10603301795982731, 0.10096454063516157, 0.5170695229009333, 0.2653491301762745, 0.35726465254019296, 0.06854499692905079, 0.29200589657754594, 0.07567232592962453, 0.0696077920797201, 0.13554324176132224, 0.07199122493207792, 0.06244780273785768, 0.06895716272366954, 0.04982174101161628, 0.11103170908897668, 0.03782620148399972, 0.1336319262142138, 0.09694214577349043, 0.6419708417842659], "average_kurt_correct": 4.760114480675112, "average_AIE_wrong": [0.16453418683091664, 0.10386256889913197, 0.11387078982003432, 0.11131604485887504, 0.5061860037440836, 0.23697459177336408, 0.3683517175847277, 0.06279482151282693, 0.30286626212463724, 0.07485112434657114, 0.0777981330879667, 0.12985341630139804, 0.06115886725362615, 0.06206957018147573, 0.06146455028182911, 0.051631444846346485, 0.10996298210647923, 0.03727984490918402, 0.13358921608485333, 0.07978443826408102, 0.6516172391421601], "average_kurt_wrong": 4.815061140933158,