{"BBQ_0       Gender_identity\n1       Gender_identity\n2       Gender_identity\n3       Gender_identity\n4       Gender_identity\n             ...       \n5667    Gender_identity\n5668    Gender_identity\n5669    Gender_identity\n5670    Gender_identity\n5671    Gender_identity\nName: category, Length: 5672, dtype: object": {"average_AIE_correct": [0.0011363809647829668, 0.01770015422435568, 0.033173595844446985, 0.0008107245922565698], "average_kurt_correct": 0.03325472766530699, "average_AIE_wrong": [0.0009512284325865287, 0.01977218006373166, 0.038337034634533806, 0.0011332531229144313], "average_kurt_wrong": 0.038400174801920206, "average_AIE_stereotype": [0.0009573555222863409, 0.019854046853401985, 0.03770275048654354, 0.001175365038543085], "average_kurt_stereotype": 0.03787978329178602, "average_AIE_nonstereotype": [0.0009458968662438713, 0.01970094261793401, 0.038888965188971364, 0.0010966088949055876], "average_kurt_nonstereotype": 0.03885300020457771}}