{"BBQ_gender": {"average_AIE_stereotype": [0.17817862308957014, 0.24107297331432803, 0.16264531171874033, 0.14624805920807069, 0.24186768488845792, 0.3968597098182824, 0.14569211442659863, 0.2240217346101469, 0.12419147076237669, 0.11641532496227701, 0.08844482972952819, 0.08358345231127484, 0.07388505673705471, 0.07117607919134704, 0.09114718039476999, 0.05411909096393721, 0.06865493417634659, 0.1742471820572093, 0.15158300111451423, 0.08141064378714646, 0.13112561178005888], "average_AIE_nonstereotype": [0.11175203938446658, 0.1629897135351995, 0.10038684827843611, 0.10102512486391331, 0.14893436619834086, 0.24785309834876706, 0.07493514640996204, 0.18343223416733195, 0.07280487978840293, 0.06444810095743918, 0.046154785762779676, 0.05646694918355001, 0.04621747082951081, 0.03989141981805389, 0.06507388636769362, 0.03611484557839494, 0.036913930111794016, 0.10301215511994745, 0.06635968217148852, 0.04983174107482086, 0.0630523712758031]}, "BBQ_religion": {"average_AIE_stereotype": [0.17817856710084326, 0.24107266475489608, 0.16264499386679712, 0.1462476381508375, 0.24186807446632522, 0.39686041876314926, 0.14569222483969563, 0.2240209852368488, 0.12419168290837909, 0.11641579083568049, 0.08844387817637352, 0.0835835699296931, 0.07388515256053613, 0.07117684241185408, 0.09114711774095521, 0.05411854137093147, 0.06865490235892055, 0.17424628241948809, 0.15158272368654863, 0.08141091089443804, 0.13112543080519104], "average_AIE_nonstereotype": [0.11175187628338319, 0.1629894537748254, 0.10038676353896285, 0.10102480752440403, 0.14893403682651832, 0.2478530692375656, 0.0749348728501018, 0.18343223463743924, 0.07280465826841455, 0.06444820030100981, 0.04615474442141739, 0.05646689212015226, 0.04621728998257886, 0.03989118282219872, 0.06507374023896965, 0.036114897215785695, 0.0369139448631948, 0.10301186518940195, 0.0663596475094407, 0.04983175584119768, 0.0630523403114335]}, "BBQ_race": {"average_AIE_stereotype": [0.17817869800469405, 0.2410730772810819, 0.1626450406027845, 0.1462479807980014, 0.24186780921505016, 0.39686059624762887, 0.14569181768104328, 0.22402176656677417, 0.12419172035019806, 0.11641577416467497, 0.08844455016041142, 0.08358350107148024, 0.07388521518783638, 0.07117680831417919, 0.09114719161041267, 0.054119091494227646, 0.06865470625751807, 0.17424686268979545, 0.1515826509816587, 0.08141093083335836, 0.13112533720892944], "average_AIE_nonstereotype": [0.11175183140574463, 0.16298967042338833, 0.10038677727798907, 0.10102500399041116, 0.14893422279151242, 0.24785304241310618, 0.07493511572405322, 0.18343231598004212, 0.07280484207124267, 0.06444826254892588, 0.04615483277257364, 0.05646685150044797, 0.04621731819369685, 0.039891371849793286, 0.0650738067475695, 0.036114861497926955, 0.03691396682555951, 0.10301191155148211, 0.0663598067422009, 0.04983180213214165, 0.06305245209307452]}, "BBQ_sexual_orientation": {"average_AIE_stereotype": [0.17817869800469405, 0.2410730772810819, 0.1626450406027845, 0.1462479807980014, 0.24186780921505016, 0.39686059624762887, 0.14569181768104328, 0.22402176656677417, 0.12419172035019806, 0.11641577416467497, 0.08844455016041142, 0.08358350107148024, 0.07388521518783638, 0.07117680831417919, 0.09114719161041267, 0.054119091494227646, 0.06865470625751807, 0.17424686268979545, 0.1515826509816587, 0.08141093083335836, 0.13112533720892944], "average_AIE_nonstereotype": [0.11175183140574463, 0.16298967042338833, 0.10038677727798907, 0.10102500399041116, 0.14893422279151242, 0.24785304241310618, 0.07493511572405322, 0.18343231598004212, 0.07280484207124267, 0.06444826254892588, 0.04615483277257364, 0.05646685150044797, 0.04621731819369685, 0.039891371849793286, 0.0650738067475695, 0.036114861497926955, 0.03691396682555951, 0.10301191155148211, 0.0663598067422009, 0.04983180213214165, 0.06305245209307452]}}