{"SocialChem": {"average_AIE_attemp": [0.1194756637660188, 0.13309010955187175, 0.07369909887915259, 0.08332712295203208, 0.15602882494581294, 0.16320553434671492, 0.09453703975892282, 0.09273002949413714, 0.07437134773971082, 0.07925545167442676, 0.07369774137963882, 0.06999618154880521, 0.06899326381621299, 0.06229984379365101, 0.10101606420896671, 0.051903641853365934, 0.07305790819264986, 0.1060179434813656, 0.04416683786683851, 0.053339928182380814, 0.049240955611219155, 0.05152680313399246, 0.06524580070810454, 0.08300555314984288, 0.11303651776981426, 0.3647254258100326, 0.13562392438235166, 0.3014523964583383, 0.40198635314828957], "average_kurt_attempt": 5.980432481275978, "average_AIE_nontoxic": [0.11791294596474308, 0.13439111030503506, 0.07356714048464905, 0.08426262483226396, 0.1597369710310869, 0.16405427010216686, 0.09317507354759405, 0.0939148739887282, 0.07417131846376879, 0.07836581828192124, 0.0737117562602294, 0.07067136798682236, 0.06922960778578868, 0.062241149208820346, 0.09844372544189885, 0.05203399389822948, 0.07232639534474126, 0.10395926740418704, 0.043775287282934096, 0.05321510080779038, 0.0484141950626059, 0.051206048712523704, 0.06549869225871464, 0.08362259924447168, 0.11394417166108191, 0.36136771821651403, 0.13631584427392468, 0.3022828824953353, 0.40032859831913475], "average_kurt_nontoxic": 5.948584862055871, "average_AIE_toxic": [0.1278566089168096, 0.12611276793299586, 0.07440679931336908, 0.07830997274085215, 0.13614182492160493, 0.1586537158365842, 0.10184134262477516, 0.08637564054862329, 0.07544411621323437, 0.08402660655652641, 0.07362257877163067, 0.06637511797676421, 0.06772573755899812, 0.06261462621675555, 0.11481166447566193, 0.05120455636435254, 0.07698105352984112, 0.11705874129655255, 0.046266746093892745, 0.054009384548018693, 0.053674919827348865, 0.05324702748352555, 0.06388952882521472, 0.0796962995722795, 0.10816871791983107, 0.38273300411412586, 0.13191311833964792, 0.29699845223444377, 0.4108769873275783], "average_kurt_toxic": 6.151233088813106, "average_AIE_orig": [0.0741112923271954, 0.08093555073626339, 0.05861779317930341, 0.08350040649026633, 0.13093416545130313, 0.08596485081575811, 0.06964774673916399, 0.06967426535785198, 0.058064563207468015, 0.06298312905877829, 0.06448089916035533, 0.051650685226917264, 0.05532694990262389, 0.05009478951394558, 0.05099082223549485, 0.041344271385669706, 0.10482619653120637, 0.112049566167593, 0.07084321426525712, 0.03471684910133481, 0.03546178296655417, 0.03504718731269241, 0.058962950263358654, 0.07975578033253551, 0.06925783525630831, 0.3903389380867244, 0.1246232043147087, 0.15441689834296704, 0.402025909794122], "average_kurt_orig": 7.356573496803483, "average_AIE_orig_select": [0.07381870767868937, 0.07888095595994545, 0.054013351512614646, 0.07644497390071898, 0.11909899043984809, 0.08105378331185428, 0.06764900790367498, 0.06357731530239488, 0.056906057524412135, 0.0665171576834662, 0.06145729902139397, 0.05034754195371222, 0.0575687518665971, 0.050520556684708146, 0.055920730441201376, 0.04041458444000158, 0.11204760981482363, 0.11745191987988904, 0.06794350606211755, 0.03477339338635947, 0.03539196831300269, 0.0366675395307062, 0.059997923704734536, 0.0781156926414505, 0.06589755806339881, 0.3887144667915749, 0.11665718424441686, 0.15346039765754382, 0.4007805186517678], "average_kurt_orig_select": 7.596012333056646, "average_AIE_toxic_select": [0.13056999452824242, 0.12595882085917906, 0.07425081955466901, 0.07966044791899567, 0.13787163092905258, 0.15619232609672837, 0.097394336351184, 0.0864120808008413, 0.07606660280772519, 0.0845299376475759, 0.0727838343754953, 0.06750397598357354, 0.0672125934936334, 0.061239486272830455, 0.1148485790265743, 0.050815700861087186, 0.07691706257182264, 0.11709530358751788, 0.04694034111465082, 0.054608292557743784, 0.052686322561778354, 0.05478861618358669, 0.06288837912062717, 0.08117035038910231, 0.10974755319271892, 0.39301423096586185, 0.13101129234379383, 0.29711697174858415, 0.41401084550294426], "average_kurt_toxic_select": 6.206005052335681}}