{"MathematicalProblems": {"average_AIE_orig": [0.39718787504434133, 0.3632845985547697, 0.4065086796215142, 0.3624553523099069, 0.546898643440296, 0.4797647271162931, 0.20153299765137725, 0.5070751757945421, 0.12769607396847904, 0.12875973227097176, 0.08578143370526939, 0.10654601045097363, 0.10027039955499514, 0.11749771442816019, 0.056734320218970395, 0.08874085903488237, 0.13815553581581172, 0.06504268903936797, 0.09362159451428402, 0.1584928742280622, 0.14743839884380455], "average_kurt_orig": 3.427865024491173, "average_AIE_lie": [0.0783439847203985, 0.07483709900678555, 0.07765837882855338, 0.07092012013332831, 0.08172876109945747, 0.06379417423038246, 0.04727637994831785, 0.059511772694712785, 0.036088756366435035, 0.03361259811012547, 0.04023729256050265, 0.03436993574482326, 0.027494376621792972, 0.037490670516160486, 0.023858961456218842, 0.0263456227450868, 0.04071799431652448, 0.03640751040738481, 0.04130423797651585, 0.0665314993640128, 0.2638743751262522], "average_kurt_lie": 8.142452967122972}, "Questions1000": {"average_AIE_orig": [0.13981304670810638, 0.12062022765093454, 0.1671146903760158, 0.10995324646825416, 0.21291510118863746, 0.1295787857812795, 0.1599403809150595, 0.09496509528981589, 0.11216050151488238, 0.1011364936054065, 0.13128764381971028, 0.08257392195854567, 0.09019905552847038, 0.10801625460213554, 0.07587493611332834, 0.07897643592243954, 0.15522511568248226, 0.09713037267991698, 0.1497699610159798, 0.19349887785518952, 0.25810128577286684], "average_kurt_orig": 4.1936482621517595, "average_AIE_lie": [0.13850068682154945, 0.1754601380883449, 0.1369497759507738, 0.15700321786769833, 0.08114374107717312, 0.10701863311750945, 0.08461881428956985, 0.05243149749905795, 0.0869735097656994, 0.06064294519754805, 0.06681645967701609, 0.0551645950695803, 0.048184268147677414, 0.07468107130826097, 0.04487670851192733, 0.05383364976809699, 0.1014909587065913, 0.05877646876051444, 0.09983327734700242, 0.19085479061779848, 0.31120765068619727], "average_kurt_lie": 5.287374549057238}, "Commonsense2": {"average_AIE_orig": [0.157113682373354, 0.16974591126459104, 0.1959461131609704, 0.1853457028102098, 0.15438063969348437, 0.13395266935600553, 0.33856433390297724, 0.1420013858295944, 0.11504436384935436, 0.11757513021928993, 0.12757438218390207, 0.12880547542544107, 0.13399984909879467, 0.11697754082825781, 0.13783165124824207, 0.06479484833530158, 0.12513625463401673, 0.19162179286916686, 0.10444335243172692, 0.2339206174086679, 0.23517040776724704], "average_kurt_orig": 3.4291974870171793, "average_AIE_lie": [0.11621992886147657, 0.11593232441146663, 0.12638801300551655, 0.09963952850815731, 0.08243618288922101, 0.08283587299059904, 0.06928151188753978, 0.06634172883079668, 0.049376532798199806, 0.08396062846620415, 0.059986096772170344, 0.054272639741687924, 0.04020074290808204, 0.05710361960972118, 0.0451543242583961, 0.06032305498889019, 0.07004214819442199, 0.06685577613669773, 0.05996696065588811, 0.18586104206234258, 0.1664725163607624], "average_kurt_lie": 3.6546282215462016}, "Sciq": {"average_AIE_orig": [0.15953941260899004, 0.17121736082891292, 0.14942639454595527, 0.17085244272526867, 0.15505878107748955, 0.19403507468976494, 0.21881143055849733, 0.20220711135399122, 0.1552756019980705, 0.21960020800683527, 0.20071592028908614, 0.13708788734268368, 0.2003177106429867, 0.12491024933181243, 0.17163479229805703, 0.10611284828444091, 0.11937676899991755, 0.13944947375093508, 0.14862166788009937, 0.12882987154254769, 0.2976279329903526], "average_kurt_orig": 3.3490390134015966, "average_AIE_lie": [0.12359605910782594, 0.08780264602756405, 0.10474843703931004, 0.09437716705950125, 0.08630966036886935, 0.08321515512616182, 0.0829546473625942, 0.07229350617896882, 0.05657022723513982, 0.056940996756795495, 0.06087144443090561, 0.07039397061521217, 0.060032112881321306, 0.061251835968588256, 0.04952511705557253, 0.052696990231246785, 0.08353310774812454, 0.07157712891241959, 0.07095662199486046, 0.1543921659414358, 0.16295921745587066], "average_kurt_lie": 4.285245412696872}, "WikiData": {"average_AIE_orig": [0.1459670272610447, 0.2594972161832485, 0.19341515402638318, 0.23547399382327688, 0.17637885483824156, 0.2220907854774589, 0.15280710094925368, 0.2414823329356411, 0.1387026367306629, 0.2285514635990668, 0.14035625640305902, 0.18737128379123733, 0.13073186056338937, 0.0926036925260004, 0.13269801422227928, 0.09685378397272973, 0.0923549649063085, 0.13480349836199992, 0.10566366143292256, 0.09320588408981002, 0.2016333510271319], "average_kurt_orig": 3.050792894193024, "average_AIE_lie": [0.08198236829064565, 0.0700200447861215, 0.06749126073876581, 0.06727996654070398, 0.04812365878750954, 0.05097041137108234, 0.050247274562609176, 0.053758561468432636, 0.04291452413246982, 0.0436809555167484, 0.04328261495249432, 0.047705424999561666, 0.0421887923459775, 0.04427774014183004, 0.034466047885631575, 0.03484498285853163, 0.057858386423667064, 0.05736789079950119, 0.06110325984314014, 0.11016637921391868, 0.15103704639461327], "average_kurt_lie": 4.50537644396558}, "WikiData_2": {"average_AIE_orig": [0.1459670272610447, 0.2594972161832485, 0.19341515402638318, 0.23547399382327688, 0.17637885483824156, 0.2220907854774589, 0.15280710094925368, 0.2414823329356411, 0.1387026367306629, 0.2285514635990668, 0.14035625640305902, 0.18737128379123733, 0.13073186056338937, 0.0926036925260004, 0.13269801422227928, 0.09685378397272973, 0.0923549649063085, 0.13480349836199992, 0.10566366143292256, 0.09320588408981002, 0.2016333510271319], "average_kurt_orig": 3.050792894193024, "average_AIE_lie": [0.08198236829064565, 0.0700200447861215, 0.06749126073876581, 0.06727996654070398, 0.04812365878750954, 0.05097041137108234, 0.050247274562609176, 0.053758561468432636, 0.04291452413246982, 0.0436809555167484, 0.04328261495249432, 0.047705424999561666, 0.0421887923459775, 0.04427774014183004, 0.034466047885631575, 0.03484498285853163, 0.057858386423667064, 0.05736789079950119, 0.06110325984314014, 0.11016637921391868, 0.15103704639461327], "average_kurt_lie": 4.50537644396558}}