{"BBQ_gender": {"average_AIE_stereotype": [0.08172566224040323, 0.045884051936210236, 0.6884578481349763, 0.04464036955539431, 0.05481990231541999, 0.029054972707421335, 0.03929442244802596, 0.039749740980034386, 0.04179356894626324, 0.04999891213484123, 0.03486166282885336, 0.05987134320313301, 0.047576419937357964, 0.095031670967623, 0.10439524493810069, 0.09464588623515444, 0.05407024736234448, 0.022799786747305838, 0.019348486597597712, 0.01207974469845465, 0.022374941204784005, 0.021653050861836397, 0.012813157084360288, 0.016374026190109105, 0.0155821225546688, 0.015603945778973529, 0.018405038669619258, 0.02094636716824276, 0.010897103876507122, 0.02679027990224504, 0.009663383682798558, 0.03150110615700885, 0.022074962311167706, 0.012219829079273348, 0.017499680406555734, 0.03676906813775873, 0.015524211474236726, 0.04154905870642965, 0.028936954965251487], "average_AIE_nonstereotype": [0.08024808141548287, 0.04606165973911248, 0.7050511983304165, 0.042389529231013544, 0.047857062697683105, 0.030720542101670058, 0.04355478718886572, 0.04188083751695285, 0.048239790015092945, 0.05567372063263657, 0.037649192037650915, 0.06149867519609761, 0.04492920859042217, 0.08924050133731301, 0.0954820471970884, 0.0790776908786993, 0.05666493505220021, 0.028687698264125122, 0.021254396979751188, 0.012966652970778094, 0.02371903566812706, 0.024564501937116227, 0.012422175753124393, 0.01568713089284517, 0.016253205937236684, 0.01736497485816751, 0.024163302567019172, 0.023919850724106285, 0.011969594921184318, 0.02875825558356566, 0.010914267744603771, 0.03707040181586666, 0.020274663092185282, 0.014364029207235843, 0.018474990289091362, 0.04042554431145367, 0.01772050515722403, 0.03569239138544657, 0.03492895070436653]}, "BBQ_race": {"average_AIE_stereotype": [0.08162894617848292, 0.045820846310740806, 0.6888626962404587, 0.04471438700263589, 0.05457901100298588, 0.029095050415393835, 0.03919204092322923, 0.040090112192404465, 0.041682732128114054, 0.050245502108238346, 0.035054518872459466, 0.060134673535766674, 0.04768010051001295, 0.09568323686447491, 0.10472480524134888, 0.0949052527103991, 0.054233354181479856, 0.022858705239465114, 0.019277110281520928, 0.012078251700387592, 0.02239513288636907, 0.0216478579682106, 0.012791187285462597, 0.016381346425068343, 0.015628977024200894, 0.015623234719580908, 0.01842700469299565, 0.020930829435615503, 0.010828407875986365, 0.026752983335109136, 0.00968395520719563, 0.03150893600652225, 0.022143932111196984, 0.01221995740014549, 0.017507946331228985, 0.03687622523147788, 0.015570016201024774, 0.04141537835133956, 0.029018245744568048], "average_AIE_nonstereotype": [0.08023510063619918, 0.04601782290125235, 0.7050755679587951, 0.04247242884937642, 0.04793406603523741, 0.030770702002022053, 0.04365155586835534, 0.041871842981084685, 0.04839488939763049, 0.055621904422470114, 0.037699209150736115, 0.06158133213689571, 0.04490340658052249, 0.08915562888841884, 0.09565535283951844, 0.07934085450293733, 0.05685077210072979, 0.02875558181440449, 0.02123498144837197, 0.013036913951082472, 0.023803007151671506, 0.024636717614051337, 0.01243117259206604, 0.0157070017607478, 0.01621617861845411, 0.0173549485688729, 0.02419726812054111, 0.023922000651412437, 0.011933011123734367, 0.028771247065930452, 0.010955697597433988, 0.037177708653632284, 0.020250881351992264, 0.01438720247283607, 0.018463673423647648, 0.0404786357907633, 0.017727413483872884, 0.035683252845647204, 0.03492306185484088]}, "BBQ_religion": {"average_AIE_stereotype": [0.03497264882024374, 0.0601828617471359, 0.047801560054500015, 0.09531305112927091, 0.10483076818524013, 0.09472059982688066, 0.05420989890988913, 0.022833547647235712, 0.01928898588869868, 0.012054931583946089, 0.022502255221762486, 0.021616239233356583, 0.012816612656238104, 0.01641637591700696, 0.015573059715136986, 0.015558507548030233, 0.018409220270518504, 0.020955244776603692, 0.01087234218724079, 0.02681245269743265, 0.009677902796270758, 0.03151020955534596, 0.02208517160521205, 0.012145248999150472, 0.01750416229044278, 0.03676641010343168, 0.015646807239879428, 0.04147434894343313, 0.029024273816843922], "average_AIE_nonstereotype": [0.037767316169813374, 0.06148172295233417, 0.0449367089602596, 0.08923467650834709, 0.09554951128973643, 0.07908960170509607, 0.056840526467041054, 0.028739892985705756, 0.02127913543966634, 0.013039558348786257, 0.023802891781619196, 0.024676341898593628, 0.012454823611457158, 0.015679748731299827, 0.016264030061458205, 0.01739579734466533, 0.024128767276836032, 0.02388494798848029, 0.011943299930440712, 0.028679262938990587, 0.010938016073644705, 0.0371252846803317, 0.02032196947228955, 0.014396035298219406, 0.01850387220898694, 0.04057127384971609, 0.017756628127576786, 0.035711582745225054, 0.03498761388904268]}, "BBQ_sexual_orientation": {"average_AIE_stereotype": [0.03497264882024374, 0.0601828617471359, 0.047801560054500015, 0.09531305112927091, 0.10483076818524013, 0.09472059982688066, 0.05420989890988913, 0.022833547647235712, 0.01928898588869868, 0.012054931583946089, 0.022502255221762486, 0.021616239233356583, 0.012816612656238104, 0.01641637591700696, 0.015573059715136986, 0.015558507548030233, 0.018409220270518504, 0.020955244776603692, 0.01087234218724079, 0.02681245269743265, 0.009677902796270758, 0.03151020955534596, 0.02208517160521205, 0.012145248999150472, 0.01750416229044278, 0.03676641010343168, 0.015646807239879428, 0.04147434894343313, 0.029024273816843922], "average_AIE_nonstereotype": [0.037767316169813374, 0.06148172295233417, 0.0449367089602596, 0.08923467650834709, 0.09554951128973643, 0.07908960170509607, 0.056840526467041054, 0.028739892985705756, 0.02127913543966634, 0.013039558348786257, 0.023802891781619196, 0.024676341898593628, 0.012454823611457158, 0.015679748731299827, 0.016264030061458205, 0.01739579734466533, 0.024128767276836032, 0.02388494798848029, 0.011943299930440712, 0.028679262938990587, 0.010938016073644705, 0.0371252846803317, 0.02032196947228955, 0.014396035298219406, 0.01850387220898694, 0.04057127384971609, 0.017756628127576786, 0.035711582745225054, 0.03498761388904268]}}