{"BBQ_gender": {"average_AIE_stereotype": [0.789221823728561, 0.1084566452023298, 0.26675121548856434, 0.2027964739945285, 0.18337098323353695, 0.18624237769802693, 0.12341872102380967, 0.09254654588460086, 0.10226374792426633, 0.09301465982543997, 0.09034440439737212, 0.08494198525999114, 0.35252617851047924, 0.18974030797351796, 0.15356570740343187, 0.2324488085829214, 0.13518503601861723, 0.20768492430396215, 0.05066722165847676, 0.07566992752145019, 0.06772228439800079, 0.052175497785515786, 0.06724592820115087, 0.05699077929545035, 0.23083729556101745, 0.06747499158232097, 0.09724311100732101, 0.04115548924335337, 0.06675968386315685, 0.07912534524808158, 0.04618891571839697], "average_AIE_nonstereotype": [0.786302274467677, 0.1081885503009417, 0.292637509877472, 0.1990488522538826, 0.2055729636600025, 0.1855203604724926, 0.13359343563301332, 0.10793000529662472, 0.10652042970406518, 0.090747189209199, 0.09382034989183886, 0.08316605470983536, 0.3339233728004297, 0.18866143610647096, 0.14294382719637905, 0.2255423079508446, 0.13836580841558324, 0.22428006501375203, 0.052831315399430194, 0.07722620549564328, 0.06802885820083851, 0.058181298027941745, 0.07169560661971904, 0.0646350685954701, 0.2363815324574466, 0.0662027691109694, 0.10609482458646574, 0.045814646760764285, 0.07634810315797869, 0.07755572731035729, 0.04753764527574819]}, "BBQ_religion": {"average_AIE_stereotype": [0.7672093384070501, 0.11999452027894959, 0.489635145445225, 0.2818356426228215, 0.5358276130922194, 0.2925538368550207, 0.2158126230801009, 0.10124569653711785, 0.1104072226773943, 0.1196785343791217, 0.09236942683417705, 0.0997691820873567, 0.3564042147297136, 0.2424890845291728, 0.21678184876798462, 0.27860859884704287, 0.19295702630448233, 0.20526041064551484, 0.0651551365554683, 0.059854472014444556, 0.08379452810409346, 0.045774956103567514, 0.06557839510898893, 0.08934056504983039, 0.17422963248961962, 0.07356541410316171, 0.09494726780088472, 0.05823507043067913, 0.08844247637655844, 0.07427700935533549, 0.04900312649587347], "average_AIE_nonstereotype": [0.7663810926388501, 0.12196884365659254, 0.5221197119331513, 0.2950742302554155, 0.5527776225582978, 0.2932973113011713, 0.22211245617319605, 0.10877099234012452, 0.11062771938778257, 0.12110469562535497, 0.09687390063219198, 0.1032123539405993, 0.3503712069860061, 0.25039573112333197, 0.2088898476315102, 0.2693497964390797, 0.19521532897628596, 0.2265988178680869, 0.0637594406293406, 0.06366146858253625, 0.08087022274673311, 0.0470024326409587, 0.07363445185817694, 0.09248822336356062, 0.17670070377379019, 0.07379601111479034, 0.10039280357570093, 0.05804698724597915, 0.09452988786047695, 0.06850539949967575, 0.0511765398570461]}, "BBQ_race": {"average_AIE_stereotype": [0.7672093384070501, 0.11999452027894959, 0.489635145445225, 0.2818356426228215, 0.5358276130922194, 0.2925538368550207, 0.2158126230801009, 0.10124569653711785, 0.1104072226773943, 0.1196785343791217, 0.09236942683417705, 0.0997691820873567, 0.3564042147297136, 0.2424890845291728, 0.21678184876798462, 0.27860859884704287, 0.19295702630448233, 0.20526041064551484, 0.0651551365554683, 0.059854472014444556, 0.08379452810409346, 0.045774956103567514, 0.06557839510898893, 0.08934056504983039, 0.17422963248961962, 0.07356541410316171, 0.09494726780088472, 0.05823507043067913, 0.08844247637655844, 0.07427700935533549, 0.04900312649587347], "average_AIE_nonstereotype": [0.7663810926388501, 0.12196884365659254, 0.5221197119331513, 0.2950742302554155, 0.5527776225582978, 0.2932973113011713, 0.22211245617319605, 0.10877099234012452, 0.11062771938778257, 0.12110469562535497, 0.09687390063219198, 0.1032123539405993, 0.3503712069860061, 0.25039573112333197, 0.2088898476315102, 0.2693497964390797, 0.19521532897628596, 0.2265988178680869, 0.0637594406293406, 0.06366146858253625, 0.08087022274673311, 0.0470024326409587, 0.07363445185817694, 0.09248822336356062, 0.17670070377379019, 0.07379601111479034, 0.10039280357570093, 0.05804698724597915, 0.09452988786047695, 0.06850539949967575, 0.0511765398570461]}, "BBQ_sexual_orientation": {"average_AIE_stereotype": [0.7672093384070501, 0.11999452027894959, 0.489635145445225, 0.2818356426228215, 0.5358276130922194, 0.2925538368550207, 0.2158126230801009, 0.10124569653711785, 0.1104072226773943, 0.1196785343791217, 0.09236942683417705, 0.0997691820873567, 0.3564042147297136, 0.2424890845291728, 0.21678184876798462, 0.27860859884704287, 0.19295702630448233, 0.20526041064551484, 0.0651551365554683, 0.059854472014444556, 0.08379452810409346, 0.045774956103567514, 0.06557839510898893, 0.08934056504983039, 0.17422963248961962, 0.07356541410316171, 0.09494726780088472, 0.05823507043067913, 0.08844247637655844, 0.07427700935533549, 0.04900312649587347], "average_AIE_nonstereotype": [0.7663810926388501, 0.12196884365659254, 0.5221197119331513, 0.2950742302554155, 0.5527776225582978, 0.2932973113011713, 0.22211245617319605, 0.10877099234012452, 0.11062771938778257, 0.12110469562535497, 0.09687390063219198, 0.1032123539405993, 0.3503712069860061, 0.25039573112333197, 0.2088898476315102, 0.2693497964390797, 0.19521532897628596, 0.2265988178680869, 0.0637594406293406, 0.06366146858253625, 0.08087022274673311, 0.0470024326409587, 0.07363445185817694, 0.09248822336356062, 0.17670070377379019, 0.07379601111479034, 0.10039280357570093, 0.05804698724597915, 0.09452988786047695, 0.06850539949967575, 0.0511765398570461]}}