{"BBQ_0       Gender_identity\n1       Gender_identity\n2       Gender_identity\n3       Gender_identity\n4       Gender_identity\n             ...       \n5667    Gender_identity\n5668    Gender_identity\n5669    Gender_identity\n5670    Gender_identity\n5671    Gender_identity\nName: category, Length: 5672, dtype: object": {"average_AIE_correct": [0.0028463529013824083, 0.21940057702351357, 0.001974398282362617], "average_kurt_correct": 0.21799539188747707, "average_AIE_wrong": [0.0025291601497666764, 0.21849834422811382, 0.001783319602634483], "average_kurt_wrong": 0.21724706530781945, "average_AIE_stereotype": [0.002540498640608411, 0.2219662557679216, 0.0016961466191873836], "average_kurt_stereotype": 0.22075712070470668, "average_AIE_nonstereotype": [0.002519293815322418, 0.21548069615197765, 0.0018591743015708845], "average_kurt_nonstereotype": 0.2141927452094079}, "BBQ_0       Gender_identity\n1       Gender_identity\n2       Gender_identity\n3       Gender_identity\n4       Gender_identity\n             ...       \n5667    Gender_identity\n5668    Gender_identity\n5669    Gender_identity\n5670    Gender_identity\n5671    Gender_identity\nName: category, Length: 5672, dtype: object_2": {"average_AIE_correct": [0.0028463529013824083, 0.21940057702351357, 0.001974398282362617], "average_kurt_correct": 0.21799539188747707, "average_AIE_wrong": [0.0025291601497666764, 0.21849834422811382, 0.001783319602634483], "average_kurt_wrong": 0.21724706530781945, "average_AIE_stereotype": [0.002540498640608411, 0.2219662557679216, 0.0016961466191873836], "average_kurt_stereotype": 0.22075712070470668, "average_AIE_nonstereotype": [0.002519293815322418, 0.21548069615197765, 0.0018591743015708845], "average_kurt_nonstereotype": 0.2141927452094079}}