{"BBQ_gender": {"average_AIE_stereotype": [0.16843642966451858, 0.09358230809509131, 0.09335037257249762, 0.09739599428837308, 0.4818546278840288, 0.24927323433580298, 0.33430014437353334, 0.05032858758749447, 0.2746950723879844, 0.06951192000601765, 0.06488549103149138, 0.12346182579259009, 0.053906390449934304, 0.05797605727919303, 0.06086640670012929, 0.05539772392150002, 0.10935309269702392, 0.03353447659194262, 0.12588333637041496, 0.07209306784000132, 0.6808142496546924], "average_AIE_nonstereotype": [0.16237004442851324, 0.10956389228224243, 0.12525119513412714, 0.11903595696270898, 0.5196799262017372, 0.2301538953184463, 0.38723635818687796, 0.06970846235644126, 0.318489704548636, 0.07781219032867519, 0.08495934713667862, 0.1333981244676355, 0.06518101380949003, 0.06433978893114749, 0.06179627435515828, 0.04954270649935312, 0.1103012202910467, 0.03935698637207925, 0.13786281507624232, 0.08404999055724213, 0.6354248874183015]}, "BBQ_religion": {"average_AIE_stereotype": [0.16843642966451858, 0.09358230809509131, 0.09335037257249762, 0.09739599428837308, 0.4818546278840288, 0.24927323433580298, 0.33430014437353334, 0.05032858758749447, 0.2746950723879844, 0.06951192000601765, 0.06488549103149138, 0.12346182579259009, 0.053906390449934304, 0.05797605727919303, 0.06086640670012929, 0.05539772392150002, 0.10935309269702392, 0.03353447659194262, 0.12588333637041496, 0.07209306784000132, 0.6808142496546924], "average_AIE_nonstereotype": [0.16237004442851324, 0.10956389228224243, 0.12525119513412714, 0.11903595696270898, 0.5196799262017372, 0.2301538953184463, 0.38723635818687796, 0.06970846235644126, 0.318489704548636, 0.07781219032867519, 0.08495934713667862, 0.1333981244676355, 0.06518101380949003, 0.06433978893114749, 0.06179627435515828, 0.04954270649935312, 0.1103012202910467, 0.03935698637207925, 0.13786281507624232, 0.08404999055724213, 0.6354248874183015]}, "BBQ_race": {"average_AIE_stereotype": [0.16843642966451858, 0.09358230809509131, 0.09335037257249762, 0.09739599428837308, 0.4818546278840288, 0.24927323433580298, 0.33430014437353334, 0.05032858758749447, 0.2746950723879844, 0.06951192000601765, 0.06488549103149138, 0.12346182579259009, 0.053906390449934304, 0.05797605727919303, 0.06086640670012929, 0.05539772392150002, 0.10935309269702392, 0.03353447659194262, 0.12588333637041496, 0.07209306784000132, 0.6808142496546924], "average_AIE_nonstereotype": [0.16237004442851324, 0.10956389228224243, 0.12525119513412714, 0.11903595696270898, 0.5196799262017372, 0.2301538953184463, 0.38723635818687796, 0.06970846235644126, 0.318489704548636, 0.07781219032867519, 0.08495934713667862, 0.1333981244676355, 0.06518101380949003, 0.06433978893114749, 0.06179627435515828, 0.04954270649935312, 0.1103012202910467, 0.03935698637207925, 0.13786281507624232, 0.08404999055724213, 0.6354248874183015]}, "BBQ_sexual_orientation": {"average_AIE_stereotype": [0.16843642966451858, 0.09358230809509131, 0.09335037257249762, 0.09739599428837308, 0.4818546278840288, 0.24927323433580298, 0.33430014437353334, 0.05032858758749447, 0.2746950723879844, 0.06951192000601765, 0.06488549103149138, 0.12346182579259009, 0.053906390449934304, 0.05797605727919303, 0.06086640670012929, 0.05539772392150002, 0.10935309269702392, 0.03353447659194262, 0.12588333637041496, 0.07209306784000132, 0.6808142496546924], "average_AIE_nonstereotype": [0.16237004442851324, 0.10956389228224243, 0.12525119513412714, 0.11903595696270898, 0.5196799262017372, 0.2301538953184463, 0.38723635818687796, 0.06970846235644126, 0.318489704548636, 0.07781219032867519, 0.08495934713667862, 0.1333981244676355, 0.06518101380949003, 0.06433978893114749, 0.06179627435515828, 0.04954270649935312, 0.1103012202910467, 0.03935698637207925, 0.13786281507624232, 0.08404999055724213, 0.6354248874183015]}}